"history.ID","sites.sitename"
248.01,"Biology of Forest Growth experimental plantation in Pierces Creek Forest"
248.02,"Biology of Forest Growth experimental plantation in Pierces Creek Forest"
248.03,"Biology of Forest Growth experimental plantation in Pierces Creek Forest"
248.04,"Biology of Forest Growth experimental plantation in Pierces Creek Forest"
248.05,"Biology of Forest Growth experimental plantation in Pierces Creek Forest"
248.06,"Biology of Forest Growth experimental plantation in Pierces Creek Forest"
248.07,"Biology of Forest Growth experimental plantation in Pierces Creek Forest"
248.08,"Biology of Forest Growth experimental plantation in Pierces Creek Forest"
249.01,"Biology of Forest Growth experimental plantation in Pierces Creek Forest"
249.02,"Biology of Forest Growth experimental plantation in Pierces Creek Forest"
249.03,"Biology of Forest Growth experimental plantation in Pierces Creek Forest"
249.04,"Biology of Forest Growth experimental plantation in Pierces Creek Forest"
249.05,"Biology of Forest Growth experimental plantation in Pierces Creek Forest"
249.06,"Biology of Forest Growth experimental plantation in Pierces Creek Forest"
249.07,"Biology of Forest Growth experimental plantation in Pierces Creek Forest"
249.08,"Biology of Forest Growth experimental plantation in Pierces Creek Forest"
249.09,"Biology of Forest Growth experimental plantation in Pierces Creek Forest"
250.01,"Biology of Forest Growth experimental plantation in Pierces Creek Forest"
250.02,"Biology of Forest Growth experimental plantation in Pierces Creek Forest"
250.03,"Biology of Forest Growth experimental plantation in Pierces Creek Forest"
250.04,"Biology of Forest Growth experimental plantation in Pierces Creek Forest"
250.05,"Biology of Forest Growth experimental plantation in Pierces Creek Forest"
250.06,"Biology of Forest Growth experimental plantation in Pierces Creek Forest"
250.07,"Biology of Forest Growth experimental plantation in Pierces Creek Forest"
250.08,"Biology of Forest Growth experimental plantation in Pierces Creek Forest"
250.09,"Biology of Forest Growth experimental plantation in Pierces Creek Forest"
250.1,"Biology of Forest Growth experimental plantation in Pierces Creek Forest"
3185.01,"BFG Plantation-C"
