citation.ID,citation.doi,citation.author,citation.year,citation.title
Adachi_2006_disr,10.1016/j.apsoil.2006.01.006,Adachi,2006,Differences in soil respiration between different tropical ecosystems
Aide_1995_fria,10.1016/0378-1127(95)03576-V,Aide,1995,Forest recovery in abandoned tropical pastures in Puerto Rico
Alban_1992_csil,10.1139/x92-146,Alban,1992,Carbon storage in Lake States aspen ecosystems
Alberti_2008_feca,10.1093/forestry/cpm026,Alberti,2008,Forest ecosystem carbon accumulation during a secondary succession in the Eastern Prealps of Italy
Albrektson_1980_bosp,NA,Albrektson,1980,"Biomass of Scots Pine (Pinus sylvestris L.): Amount, development, methods of mensuration"
Allard_2008_saav,10.1111/j.1365-2486.2008.01539.x,Allard,2008,Seasonal and annual variation of carbon exchange in an evergreen Mediterranean forest in southern France
Allen_2000_eofc,10.1890/1051-0761(2000)010[0437:EOFACE]2.0.CO;2,Allen,2000,Effects of free-air CO2 enrichment (FACE) on belowground processes in a pinus taeda forest
Alves_1997_bopa,10.1046/j.1365-2486.1997.00081.x,Alves,1997,"Biomass of primary and secondary vegetation in Rondonia, Western Brazilian Amazon"
Amiro_2006_ceaw,10.1016/j.agrformet.2006.02.014,Amiro,2006,"Carbon, energy and water fluxes at mature and disturbed forest sites, Saskatchewan, Canada"
Amiro_2010_eacd,10.1016/j.agrformet.2010.06.007,Amiro,2010,Estimating annual carbon dioxide eddy fluxes using open-path analysers for cold forest sites
Anderson_2006_toba,10.1111/j.1461-0248.2006.00914.x,Anderson,2006,Temperature-dependence of biomass accumulation rates during secondary succession
Anderson-Teixeira_2011_drop,10.1111/j.1365-2486.2010.02269.x,Anderson-Teixeira,2011,Differential responses of production and respiration to temperature and moisture drive the carbon balance across a climatic gradient in New Mexico
Andrews_1999_sorr,10.2136/sssaj1999.6351429x,Andrews,1999,Separation of root respiration from total soil respiration using carbon-13 labeling during Free-Air Carbon Dioxide Enrichment (FACE)
Anthoni_1999_cawv,10.1016/S0168-1923(99)00029-5,Anthoni,1999,Carbon and water vapor exchange of an open-canopied ponderosa pine ecosystem
Anthoni_2004_faal,10.1111/j.1365-2486.2004.00863.x,Anthoni,2004,"Forest and agricultural land-use-dependent CO2 exchange in Thuringia, Germany"
Aragao_2009_aabn,10.5194/bg-6-2759-2009,Aragao,2009,Above- and below-ground net primary productivity across ten Amazonian forests on contrasting soils
Arain_2005_nepi,10.1016/j.agrformet.2004.10.003,Arain,2005,Net ecosystem production in a temperate pine plantation in southeastern Canada
Araujo_2002_cmoc,10.1029/2001JD000676,Araujo,2002,Comparative measurements of carbon dioxide fluxes from two nearby towers in a central Amazonian rainforest
Araujo-Murakami_2014_tpaa,10.1080/17550874.2013.798364,Araujo-Murakami,2014,"The productivity, allocation and cycling of carbon in forests at the dry margin of the Amazon forest in Bolivia"
Archibald_2009_doiv,10.5194/bg-6-251-2009,Archibald ,2009,"Drivers of inter-annual variability in Net Ecosystem Exchange in a semi-arid savanna ecosystem, South Africa"
Arneth_1998_nepn,10.1093/treephys/18.12.785,Arneth,1998,"Net ecosystem productivity, net primary productivity and ecosystem carbon sequestration in a Pinus radiata plantation subject to soil water deficit"
Arneth_1999_aoac,10.1046/j.1365-2486.1999.00248.x,Arneth,1999,Assessment of annual carbon exchange in a water-stressed Pinus radiata plantation: an analysis based on eddy covariance measurements and an integrated biophysical model
Arthur_1992_bani,10.1139/x92-041,Arthur,1992,"Biomass and nutrients in an Engelmann spruce-subalpine fir forest in north central Colorado: Pools, annual production, and internal cycling"
Asensio_2007_ssal,10.1016/j.atmosenv.2006.05.008,Asensio,2007,Seasonal soil and leaf CO2 exchange rates in a Mediterranean holm oak forest and their responses to drought conditions
Aththorick_2012_vssa,NA,Aththorick,2012,"Vegetation stands structure and aboveground biomass after the shifting cultivation practices of Karo People in Leuser Ecosystem, North Sumatra"
Aubinet_2001_ltcd,10.1016/S0168-1923(01)00244-1,Aubinet,2001,Long term carbon dioxide exchange above a mixed forest in the Belgian Ardennes
Bader_2009_frro,10.1111/j.1365-2435.2009.01574.x,Bader,2009,Fine root responses of mature deciduous forest trees to free air carbon dioxide enrichment (FACE)
Baker_2004_ibia,10.1098/rstb.2003.1422,Baker,2004,Increasing biomass in Amazonian forest plots
Baker_2004_viwd,10.1111/j.1529-8817.2003.00751.x,Baker,2004,Variation in wood density determines spatial patterns in Amazonian forest biomass
Baker_2007_lsoc,10.1007/s00442-007-0667-5,Baker,2007,Low stocks of coarse woody debris in a southwest Amazonian forest
Baldocchi_2000_omne,10.1023/A:1002497616547,Baldocchi,2000,On Measuring Net Ecosystem Carbon Exchange Over Tall Vegetation on Complex Terrain
Baldocchi_2008_bott,10.1071/BT07151,Baldocchi,2008,Breathing' of the terrestrial biosphere: lessons learned from a global network of carbon dioxide flux measurement systems
Baldocchi_2010_otda,10.1890/08-2047.1,Baldocchi,2010,On the differential advantages of evergreenness and deciduousness in mediterranean oak woodlands: a flux perspective
Banfield_2002_virs,10.1016/S0378-1127(02)00292-X,Banfield,2002,Variability in regional scale estimates of carbon stocks in boreal forest ecosystem: results from West-Central Alberta
Barford_2001_fcla,10.1126/science.1062962,Barford,2001,Factors controlling long- and short-term sequestration of atmospheric CO2 in a mid-latitude forest
Bargali_1992_safo,NA,Bargali,1992,Structure and function of an age series of Eucalypt Plantations in Central Himalaya. I. Dry Matter Dynamics
Barr_2002_ctcb,10.1139/x01-131,Barr,2002,Comparing the carbon budgets of boreal and temperate deciduous forest stands
Barr_2004_ivit,10.1016/j.agrformet.2004.06.011,Barr,2004,Inter-annual variability in the leaf area index of a boreal aspen-hazelnut forest in relation to net ecosystem production
Barr_2007_ccot,10.1111/j.1365-2486.2006.01220.x,Barr,2007,Climatic controls on the carbon and water balances of a boreal aspen forest
Bartholemew_1953_mniu,NA,Bartholemew,1953,Mineral nutrient immobilization under forest and grass fallow in the Yangambi (Belgian Congo) region with some preliminary results on the decomposition of plant material on the forest floor
Bascietto_2003_dots,NA,Bascietto,2003,"Database of tree stands (Structure, age, biomass, LAI and NPP) of the FORCAST project"
Battles_2002_vcsa,10.1023/A:1014741821292,Battles,2002,"Vegetation composition, structure, and biomass of two unpolluted watersheds in the Cordillera de Piuchu_, Chilo_ Island, Chile"
Becknell_2014_saas,10.1139/cjfr-2013-0331,Becknell,2014,Stand age and soils as drivers of plant functional traits and aboveground biomass in secondary tropical dry forest
Beets_1980_aado,NA,Beets,1980,Amount and distribution of dry matter in a mature beech/podocarp community
Behera_1990_rctt,10.1016/0378-1127(90)90020-C,Behera,1990,"Root Contribution To Total Soil Metabolism In A Tropical Forest Soil From Orissa, India"
Berbigier_2001_cawv,10.1016/S0168-1923(01)00240-4,Berbigier,2001,CO2 and water vapour fluxes for 2 years above Euroflux forest site
Bergeron_2007_cocd,10.1111/j.1365-2486.2006.01281.x,Bergeron,2007,Comparison of carbon dioxide fluxes over three boreal black spruce forests in Canada
Bergeron_2008_hdfh,10.1016/j.agrformet.2007.10.012,Bergeron,2008,How does forest harvest influence carbon dioxide fluxes of black spruce ecosystems in eastern North America?
Beringer_2007_sfat,10.1111/j.1365-2486.2007.01334.x,Beringer ,2007,Savanna fires and their impact on net ecosystem productivity in North Australia
Bernhofer_2003_sfna,10.1007/978-3-662-05171-9_6,Bernhofer,2003,"Spruce Forests (Norway and Sitka Spruce, Including Douglas Fir): Carbon and Water Fluxes and Balances, Ecological and Ecophysiological Determinants"
Black_1996_acow,10.1111/j.1365-2486.1996.tb00074.x,Black,1996,Annual cycles of water vapour and carbon dioxide fluxes in and above a boreal aspen forest
Black_2000_icsb,10.1029/1999GL011234,Black,2000,Increased carbon sequestration by a boreal deciduous forest in years with a warm spring
Black_2007_iaec,10.1007/s10342-005-0092-4,Black,2007,Inventory and eddy covariance-based estimates of annual carbon sequestration in a Sitka spruce (Picea sitchensis (Bong.) Carr.) forest ecosystem
Bolstad_2004_cawr,10.1093/treephys/24.5.493,Bolstad,2004,Component and whole-system respiration fluxes in northern deciduous forests
Bond-Lamberty_2004_corr,10.1093/treephys/24.12.1387,Bond-Lamberty,2004,Contribution of root respiration to soil surface CO2 flux in a boreal black spruce chronosequence
Bondarev_1997_adpi,10.1016/S0378-1127(96)03952-7,Bondarev,1997,Age distribution patterns in open boreal Dahurican larch forests of Central Siberia
Bongers_1985_pson,10.1007/BF00032183,Bongers,1985,Phytomass structure of natural plant communities on spodosols in southern Venezuela: The Bana woodland
Bonner_2013_amgc,10.1016/j.foreco.2012.11.024,Bonner,2013,A meta-analytical global comparison of aboveground biomass accumulation between tropical secondary forests and monoculture plantations
Boone_1988_sasc,10.2307/1941019,Boone,1988,Stand and soil changes along a Mountain Hemlock death and regrowth sequence
Bormann_1979_papi,NA,Bormann,1979,Pattern and process in a forested ecosystem.
Bourg_2013_icws,10.1890/13-0010.1,Bourg,2013,"Initial census, woody seedling, seed rain, and stand structure data for the SCBI SIGEO Large Forest Dynamics Plot"
Bowden_1993_coal,10.1139/x93-177,Bowden,1993,"Contributions Of Aboveground Litter, Belowground Litter, And Root Respiration To Total Soil Respiration In A Temperature Mixed Hardwood Forest"
Broadbent_2014_isas,10.1371/journal.pone.0086042,Broadbent,2014,Integrating Stand and Soil Properties to Understand Foliar Nutrient Dynamics during Forest Succession Following Slash-and-Burn Agriculture in the Bolivian Amazon.
Bronson_2007_ross,10.1111/j.1365-2486.2007.01508.x,Bronson,2007,Response of soil surface CO2 flux in a boreal forest to ecosystem warming
Brown_1989_bemf,10.1093/forestscience/35.4.881,Brown,1989,Biomass estimation methods for tropical forests with applications to forest inventory data.
Brown_1995_uitb,10.1016/0378-1127(94)03512-U,Brown,1995,"Uncertainty in the biomass of Amazonian forests: An example from Rondonia, Brazil"
Brown_1997_ebab,NA,Brown,1997,Estimating biomass and biomass change of tropical forests: a primer.
Buchmann_2000_baaf,10.1016/S0038-0717(00)00077-8,Buchmann ,2000,Biotic and abiotic factors controlling soil respiration rates in Picea abies stands
Burton_2004_scnd,10.1111/j.1365-2486.2004.00737.x,Burton,2004,Simulated chronic NO3- deposition reduces soil respiration in northern hardwood forests.
Busing_1993_bapo,10.1139/x93-100,Busing,1993,Biomass and production of southern Appalachian cove forests re-examined
Busing_1998_csad,10.1139/x93-100,Busing,1998,"Composition, structure and diversity of cove forest stands in the Great Smokey Mountains: A patch dynamics perspective"
Cairns_1997_rbai,10.1007/s004420050201,Cairns,1997,Root biomass allocation in the world's upland forests
Calfapietra_2003_fcef,10.1093/treephys/23.12.805,Calfapietra,2003,Free-air CO2 enrichment (FACE) enhances biomass production in a short-rotation poplar plantation
Campbell_2004_scos,10.1111/j.1365-2486.2004.00850.x,Campbell,2004,Supply-side controls on soil respiration among Oregon forests
Cannell_1982_wfba,NA,Cannell,1982,World Forest Biomass and Primary Production Data
CarboEurope-IP_2006_cd,http://gaia.agraria.unitus.it/cpz/login.asp,CarboEurope-IP ,2006,CarboEurope-IP database
Carmona_2002_cwd,10.1016/S0378-1127(01)00602-8,Carmona,2002,"Coarse woody debris biomass in successional and primary temperate forests in Chilo_ Island, Chile"
Carrara_2003_nece,10.1016/S0168-1923(03)00120-5,Carrara,2003,Net ecosystem CO2 exchange of mixed forest in Belgium over 5 years
Carswell_2002_sica,10.1029/2000JD000284,Carswell,2002,Seasonality in CO2 and H2O flux at an eastern Amazonian rain forest
Chambers_2000_dacc,10.1007/s004420050044,Chambers,2000,Decomposition and carbon cycling of dead trees in tropical forests of the central Amazon
Chambers_2001_tdar,10.1016/S0378-1127(00)00591-0,Chambers,2001,"Tree damage, allometric  relationships, and above-ground net primary production in central Amazon forest"
Chambers_2004_rfat,10.1890/01-6012,Chambers,2004,Respiration from a tropical forest ecosystem: Partitioning of sources and low carbon use efficiency
Chan_2013_eoam,10.1016/j.foreco.2013.05.038,Chan,2013,"Establishment of allometric models and estimation of biomass recovery of swidden cultivation fallows in mixed deciduous forests of the Bago Mountains, Myanmar"
Chang_1997_bane,NA,Chang,1997,Biomass and nutrient element accumulation of Sabina prezewalskii forest community. (in Chinese)
Chao_2008_wdas,10.1139/X07-163,Chao,2008,Wood density and stocks of coarse woody debris in a northwestern Amazonian landscape
Chao_2009_atdq,10.5194/bg-6-1615-2009,Chao,2009,After trees die: quantities and determinants of necromass across Amazonia
Chave_2001_eobi,10.1017/S0266467401001055,Chave,2001,Estimation of biomass in a neotropical forest of French Guiana: Spatial and temporal variability
Chave_2005_taai,10.1007/s00442-005-0100-x,Chave,2005,Tree allometry and improved estimation of carbon stocks and balance in tropical forests
Chave_2010_rasp,10.5194/bg-7-43-2010,Chave,2010,Regional and seasonal patterns of litterfall in tropical South America
Chave_2014_iamt,10.1111/gcb.12629,Chave,2014,Improved allometric models to estimate the aboveground biomass of tropical trees
Chen_1993_soba,NA,Chen,1993,"Studies on biomass and its allocation of the evergreen broad-leaved forest in Heishiding, Guangdong"
Chen_2003_cboa,10.1007/s00442-003-1358-5,Chen,2003,Carbon balance of a tropical savanna of northern Australia
Chen_2010_bacd,10.1007/s11427-010-4024-2,Chen ,2010,Biomass and carbon dynamics of a tropical mountain rain forest in China
Chen_2010_daco,doctoral dissertation,Chen ,2010,"Dynamics and controls of carbon exchange of a tropical montane rain forest at Jianfengling, China"
China's Forest Editorial Committee_1999_cfvc,NA,China's Forest Editorial Committee,1999,China's Forest (Volume 2): Coniferous Forest. (in Chinese)
Cifuentes-Jara_2008_abae,NA,Cifuentes-Jara,2008,Aboveground biomass and ecosystem carbon pools in tropical secondary forests growing in six life zones of Costa Rica
Clark_1999_econ,10.2307/2641340,Clark,1999,Environmental controls over net exchanges of carbon dioxide from contrasting Florida ecosystems
Clark_2000_lvif,10.1016/S0378-1127(99)00327-8,Clark,2000,Landscape-scale variation in forest structure and biomass in a tropical rain forest
Clark_2001_nppi,10.1890/1051-0761(2001)011[0371:NPPITF]2.0.CO;2,Clark,2001,Net primary production in tropical forests: An evaluation and synthesis of existing field data
Clark_2004_cdaa,10.1890/02-5391,Clark,2004,Carbon dynamics along a chronosequence of slash pine plantations in north Florida
Clark_2010_iiif,10.1111/j.1365-2486.2009.01983.x,Clark,2010,Invasive insects impact forest carbon dynamics
Clark_2013_ntfc,10.3334/ORNLDAAC/616,Clark,2013,"NPP Tropical Forest: Consistent Worldwide Site Estimates, 1967-1999, R1. Dataset."
Clark_2013_ntfl,10.3334/ORNLDAAC/218,Clark,2013,"NPP Tropical Forest: La Selva, Costa Rica, 1975-1994, R1. Data set."
Cleveland_2006_nata,10.1073/pnas.0600989103,Cleveland,2006,Nutrient additions to a tropical rain forest drive substantial soil carbon dioxide losses to the atmosphere
Coles_2004_lbca,10.1080/01490450490505419,Coles,2004,"Linking belowground carbon allocation to anaerobic CH4 and CO2 production in a forested peatland, New York state"
Comeau_1999_nbfc,doi:10.3334/ORNLDAAC/465,Comeau,1999,"NPP Boreal Forest: Canal Flats, Canada, 1984."
Cook_2004_ceav,10.1016/j.agrformet.2004.06.008,Cook,2004,"Carbon exchange and venting anomalies in an upland deciduous forest in northern Wisconsin, USA"
Cromer_1993_rtni,10.1016/0378-1127(93)90051-N,Cromer,1993,Response to nutrients in Eucalyptus grandis. 1. biomass accumulation
Cronan_2003_bbpa,10.1139/x02-189,Cronan ,2003,"Belowground biomass, production, and carbon cycling in mature Norway spruce, Maine, USA"
Crow_1978_bapi,10.2307/1936372,Crow,1978,Biomass and production in three contiguous forests in Northern Wisconsin
Crow_1980_arca,NA,Crow,1980,"A Rainforest Chronicle : A 30-Year Record of Change in Structure and Composition at El Verde , Puerto Rico"
Crowell_1994_vdia,10.1139/x94-038,Crowell,1994,Vegetation development in a hardwood-forest chronosequence in Nova Scotia
Cummings_2002_abas,10.1016/S0378-1127(01)00587-4,Cummings,2002,Aboveground biomass and structure of rainforests in the southwestern Brazilian Amazon
Curtis_2002_baeb,10.1016/S0168-1923(02)00099-0,Curtis,2002,Biometric and eddy-covariance based estimates of annual carbon storage in five eastern North American deciduous forests
Curtis_2005_rcla,10.1111/j.1469-8137.2005.01438.x,Curtis,2005,"Respiratory carbon losses and the carbon-use efficiency of a northern hardwood forest, 1999-2003"
da Costa_2014_eran,10.1080/17550874.2013.798366,da Costa,2014,Ecosystem respiration and net primary productivity after 8_10 years of experimental through-fall reduction in an eastern Amazon forest
Dang_1992_sotb,NA,Dang,1992,Studies on the biomass for Castanopsis Echdnocarpa community of monsoon evergreen broad-leaved forest
Dang_1994_sotb,NA,Dang,1994,Studies on the biomass of Cyclobalanopsis delavayi Community.
Dantas_1989_laln,10.1017/S0266467400003199,Dantas,1989,Litterfall and litter nutrient content in primary and secondary Amazonian ïterra firmeÍ rain forest
Davidson_2002_bcai,10.1016/S0168-1923(02)00101-6,Davidson,2002,Belowground carbon allocation in forests estimated from litterfall and IRGA-based soil respiration measurements
Davidson_2004_napl,10.1890/01-6006,Davidson,2004,Nitrogen and phosphorus limitation of biomass growth in a tropical secondary forest
Davidson_2006_tsos,10.1038/nature04514,Davidson,2006,Temperature sensitivity of soil carbon decomposition and feedbacks to climate change.
Davis_2003_csaa,10.1016/S0378-1127(02)00333-X,Davis,2003,Carbon storage along a stand development sequence in a New Zealand Nothofagus forest
Davis_2003_taco,10.1046/j.1365-2486.2003.00672.x,Davis,2003,The annual cycles of CO2 and H2O exchange over a northern mixed forest as observed from a very tall tower
Dean_2003_gmoe,10.1079/9780851996936.0027,Dean,2003,"Growth modelling of Eucalyptus regnans for carbon accounting at the landscape scale. Modeling Forest Systems, eds Amaro A, Reed D, Soares P (CABI, Wallingford, UK.), pp 27-40."
DeAngelis_1981_pofe,NA,DeAngelis,1981,Productivity of forest ecosystems studied during the IBP: the woodlands data set
del Aguila-Pasquel_2014_tsco,10.1080/17550874.2013.798365,del Aguila-Pasquel,2014,"The seasonal cycle of productivity, metabolism and carbon dynamics in a wet aseasonal forest in north-west Amazonia (Iquitos, Peru)"
Delaney_1997_tdoo,10.1017/S0266467400010877,Delaney,1997,The distribution of organic carbon in major components of forests located in five life zones of Venezuela
Delaney_1998_tqat,10.1111/j.1744-7429.1998.tb00364.x,Delaney,1998,The quantity and turnover of dead wood in permanent forest plots in six life zones of Venezuela
DeLucia_1999_nppo,10.1126/science.284.5417.1177 ,DeLucia,1999,Net primary production of a forest ecosystem with experimental CO2 enrichment
Deng_2000_boch,NA,Deng,2000,"Bioproductivity of Castanopsis hysrix - Cyclobalanopsis glauca - Machilus pauhoi community in Huitong, Hunan"
Desai_2005_cnee,10.1016/j.agrformet.2004.09.005,Desai,2005,"Comparing net ecosystem exchange of carbon dioxide between an old-growth and mature forest in the upper Midwest, USA"
Dezzeo_2006_lani,,Dezzeo,2006,"Litterfall and nutrient input in undisturbed and adjacent fire disturbed forests of the Gran Sabana, Southern Venezuela"
Dolman_2002_tcuo,10.1016/S0168-1923(02)00024-2,Dolman,2002,The carbon uptake of a mid latitude pine forest growing on sandy soil
Dolman_2004_neeo,10.5194/bg-1-133-2004,Dolman,2004,Net ecosystem exchange of carbon dioxide and water of far eastern Siberian Larch (Larix cajanderii) on permafrost
Dore_2010_cawf,10.1890/09-0934.1,Dore,2010,Carbon and water fluxes from ponderosa pine forests disturbed by wildfire and thinning
Dorr_1987_avis,10.1111/j.1600-0889.1987.tb00276.x,Dorr,1987,Annual variation in soil respiration in selected areas of the temperate zone
Doughty_2014_tpaa,10.1080/17550874.2013.798367,Doughty,2014,"The production, allocation and cycling of carbon in a forest on fertile terra preta soil in eastern Amazonia compared with a forest on adjacent infertile soil"
Dragoni_2007_uoan,10.1029/2006JD008149,Dragoni,2007,Uncertainty of annual net ecosystem productivity estimated using eddy covariance flux measurements
Du_1987_eaat,http://www.cnki.com.cn/Article/CJFDTotal-ZJLK198705001.htm,Du,1987,Estimate and analysis the aboveground biomass of a secondary evergreen broad-leaved forest in Northwest of Zhejiang
Dunn_2007_alro,10.1111/j.1365-2486.2006.01221.x,Dunn,2007,"A long-term record of carbon exchange in a boreal black spruce forest: means, responses to interannual variability, and decadal trends"
Edwards_1977_ccia,10.2307/1935618,Edwards,1977,Carbon cycling in a mixed deciduous forest floor
Edwards_1977_somc,10.2307/2259387,Edwards,1977,Studies of mineral cycling in amontane rain forest in New Guinea: 1 The distribution of organic matter in the vegetation and soil
Egunjobi_1979_band,10.2307/2387790,Egunjobi,1979,Biomass and Nutrient Distribution in Stands of Pinus caribea L. in the Dry Forest Zone of Nigeria
Ehman_2002_aiio,10.1046/j.1365-2486.2002.00492.x,Ehman,2002,An initial intercomparison of micrometeorological and ecological inventory estimates of carbon exchange in a mid-latitude deciduous forest
Epron_1999_scei,10.1051/forest:19990304,Epron,1999,Soil CO2 efflux in a beech forest: dependence on soil temperature and soil water content
Epron_2001_sdos,10.1093/treephys/21.2-3.145,Epron,2001,Seasonal dynamics of soil carbon dioxide efflux and simulated rhizosphere respiration in a beech forest
Epron_2006_scbi,10.1111/j.1365-2486.2006.01146.x,Epron,2006,Soil carbon balance in a clonal Eucalyptus plantation in Congo: effects of logging on carbon inputs and soil CO2 efflux
Esser_1997_weab,NA,Esser,1997,Worldwide Estimates and Bibliography of Net Primary Productivity derived from Pre-1982
Ewel_1971_bcie,NA,Ewel,1971,Biomass changes in early tropical succession
Ewel_1987_scei,10.1139/x87-055,Ewel,1987,Soil CO2 Evolution In Florida Slash Pine Plantations .2. Importance Of Root Respiration
Faber-Langendoen_1992_ecor,10.1016/0378-1127(92)90044-A,Faber-Langendoen,1992,"Ecological constraints on rain forest management at Bajo Calima, western Colombia"
Fahey_1994_fdia,10.2307/2261262,Fahey,1994,"Fine-Root Dynamics In A Northern Hardwood Forest Ecosystem, Hubbard Brook Experimental Forest"
Fahey_2005_sras,10.1139/x04-182,Fahey,2005,Soil respiration and soil carbon balance in a northern hardwood forest ecosystem
Falge_2002_soer,10.1016/S0168-1923(02)00102-8,Falge,2002,Seasonality of ecosystem respiration and gross primary production as derived from FLUXNET measurements
Falk_2008_fpia,10.1093/treephys/28.4.509,Falk,2008,Flux partitioning in an old-growth forest: seasonal and interannual dynamics
Fang_2003_rofs,NA,Fang,2003,Role of forest succession on carbon sequestration of forest ecosystems in lower subtropical China
Fehse_2002_hats,10.1016/S0378-1127(01)00535-7,Fehse,2002,High altitude tropical secondary forests: a competitive carbon sink?
Feldpausch_2004_cana,10.1890/01-6015,Feldpausch,2004,Carbon and nutrient accumulation in secondary forests regenerating on pastures in central Amazonia
Feldpausch_2011_haot,10.5194/bg-8-1081-2011,Feldpausch,2011,Height-diameter allometry of tropical forest trees.
Feng_1999_fbap,NA,Feng ,1999,Forest Biomass and Productivity in China. (in Chinese)
Fenn_2010_cdot,10.5194/bgd-7-3735-2010,Fenn,2010,Comprehensive description of the carbon cycle of an ancient temperate broadleaved woodland
Fenn_2015_tcco,10.1007/s10021-014-9793-1,Fenn,2015,The Carbon Cycle of a Maritime Ancient Temperate Broadleaved Woodland at Seasonal and Annual Scales
Finer_1997_fdim,10.1139/x96-170,Finer,1997,Fine-root dynamics in mixed boreal conifer - broad-leafed forest stands at different successional stages after fire
Finer_2003_canp,10.1016/S0378-1127(02)00019-1,Finer,2003,"Carbon and nitrogen pools in an old-growth, Norway spruce mixed forest in eastern Finland and changes associated with clear-cutting"
Flower-Ellis_1980_iosp,NA,Flower-Ellis,1980,Investigation of Structural Properties and Dynamics of Scots Pine Stands
Folster_1976_atef,NA,Folster,1976,"A tropical evergreen forest site with perched water table, Magdalena valley, Columbia Biomass and bioelement inventory of primary and secondary vegetation"
Fonseca_2011_cait,10.1016/j.foreco.2011.06.036,Fonseca,2011,Carbon accumulation in the biomass and soil of different aged secondary forests in the humid tropics of Costa Rica
Forrester_2006_caia,10.1016/j.foreco.2006.05.018,Forrester,2006,Carbon allocation in a mixed-species plantation of Eucalyptus globulus and Acacia mearnsii
Frangi_1985_edoa,10.2307/1942582,Frangi,1985,Ecosystem dynamics of a subtropical floodplain forest
Fredeen_2007_wdrs,10.1016/j.foreco.2006.12.011,Fredeen,2007,When do replanted sub-boreal clearcuts become net sinks for CO2? 
Fujimori_1976_bapp,NA,Fujimori,1976,Biomass and primary production in forests of three major vegetation zones of the Northwestern United States
Fukushima_2007_rpof,NA,Fukushima,2007,"Recovery Process of Fallow Vegetation in the Traditional Karen Swidden Cultivation System in the Bago Mountain Range, Myanmar"
Fukushima_2008_sfsa,10.1016/j.foreco.2007.12.022,Fukushima,2008,Secondary forest succession after the cessation of swidden cultivation in the montane forest area in Northern Thailand
Garbarino_2009_ieop,10.1016/j.foreco.2008.12.031,Garbarino ,2009,Interacting effects of physical environment and anthropogenic disturbances on the structure of European larch (Larix decidua Mill.) forests
Gaudinski_2000_scci,10.1023/A:1006301010014,Gaudinski,2000,"Soil carbon cycling in a temperate forest: Radiocarbon-based estimates of residence times, sequestration rates and partitioning of fluxes"
Gaumont-Guay_2006_iota,10.1016/j.agrformet.2006.08.002,Gaumont-Guay,2006,"Influence of temperature and drought on seasonal and interannual variations of soil, bole and ecosystem respiration in a boreal aspen stand"
Gehring_1999_rosv,10.1023/A:1006138815453,Gehring,1999,Response of secondary vegetation in Eastern Amazonia to relaxed nutrient availability constraints
Gehring_2004_labe,10.1016/j.foreco.2004.02.054,Gehring,2004,Liana allometric biomass equations for Amazonian primary and secondary forest
Gehring_2005_rosf,10.1017/S0266467405002543,Gehring,2005,Resilience of secondary forest regrowth after slash-and-burn agriculture in central Amazonia
Geng_2011_sotc,http://globethesis.com/?t=2143330335467191,Geng,2011,Study on the carbon flux observation over poplar plantation ecosystem of Xiping city in Hanan province of China
George_2003_fria,10.1046/j.1469-8137.2003.00911.x,George,2003,Fine-root respiration in a loblolly pine and sweetgum forest growing in elevated CO2
Gerwing_2002_doft,10.1016/S0378-1127(00)00644-7,Gerwing,2002,Degradation of forests through logging and fire in the eastern Brazilian Amazon
Giardina_2003_ppac,10.1046/j.1365-2486.2003.00558.x,Giardina,2003,Primary production and carbon allocation in relation to nutrient supply in a tropical experimental forest
Giardina_2004_bcci,10.1007/s00442-004-1552-0,Giardina,2004,Belowground carbon cycling in a humid tropical forest decreases with fertilization
Giasson_2006_ecff,10.1016/j.agrformet.2006.08.001,Giasson,2006,Ecosystem-level CO2 fluxes from a boreal cutover in eastern Canada before and after scarification
Gielen_2005_ncsi,10.1093/treephys/25.11.1399,Gielen,2005,Net carbon storage in a poplar plantation (POPFACE) after three years of free-air CO2 enrichment
Girardin_2010_nppa,10.1111/j.1365-2486.2010.02235.x,Girardin,2010,Net primary productivity allocation and cycling of carbon along a tropical forest elevational transect in the Peruvian Andes
Golley_1973_iosm,NA,Golley,1973,Impact of small mammals on primary production
Golley_1975_mcia,NA,Golley,1975,Mineral cycling in a tropical moist forest ecosystem
Gonzalez-Akre_2016_potm,10.1002/ecs2.1595,Gonzalez-Akre,2016,Patterns of tree mortality in a temperate deciduous forest derived from a large forest dynamics plot
Goodman_2013_apba,10.1016/j.foreco.2013.09.045,Goodman,2013,Amazon palm biomass and allometry. 
Gough_2007_tloh,10.1111/j.1365-2486.2007.01406.x,Gough,2007,The legacy of harvest and fire on ecosystem carbon storage in a north temperate forest
Gough_2008_mcob,10.1016/j.agrformet.2007.08.004,Gough,2008,Multi-year convergence of biometric and meteorological estimates of forest carbon storage
Goulden_1996_eocd,10.1126/science.271.5255.1576,Goulden,1996,Exchange of Carbon Dioxide by a Deciduous Forest: Response to Interannual Climate Variability
Goulden_1998_sobf,10.1126/science.279.5348.214 ,Goulden,1998,Sensitivity of boreal forest carbon balance to soil thaw
Goulden_2011_pong,10.1111/j.1365-2486.2010.02274.x,Goulden,2011,"Patterns of NPP, GPP, respiration, and NEP during boreal forest succession"
Gower_1997_cdaa,10.1029/97JD02317,Gower,1997,"Carbon distribution and aboveground net primary production in aspen, jack pine, and black spruce stands in Saskatchewan and Manitoba, Canada"
Gower_2001_nppa,10.2307/3060928,Gower,2001,Net primary production and carbon allocation patterns of boreal forest ecosystems
Granier_2003_dfca,10.1007/978-3-662-05171-9_4,Granier,2003,"Deciduous Forests: Carbon and Water Fluxes, Balances and Ecophysiological Determinants"
Granier_2007_efsw,10.1016/j.agrformet.2006.12.004,Granier,2007,Evidence for soil water control on carbon and water dynamics in European forests during the extremely dry year: 2003
Granier_2008_tyof,10.1051/forest:2008052,Granier,2008,"Ten years of fluxes and stand growth in a young beech forest at Hesse, North-eastern France"
Greco_1996_svoc,10.1111/j.1365-2486.1996.tb00071.x,Greco,1996,Seasonal variations of CO2 and water vapour exchange rates over a temperate deciduous forest
Grier_1977_opmc,10.2307/1942174,Grier,1977,Old-growth Pseudotsuga menziesii communities of a western Oregon watershed: Biomass distribution and production budgets
Grier_1981_bdaa,10.1139/x81-021,Grier,1981,Biomass distribution and above-and below-ground production in young and mature Abies amabilis zone ecosystems of the Washington Cascades
Griffis_2003_ecot,10.1016/S0168-1923(03)00023-6,Griffis,2003,Ecophysiological controls on the carbon balances of three southern boreal forests
Griffis_2004_svap,10.1016/j.agrformet.2004.04.006,Griffis,2004,Seasonal variation and partitioning of ecosystem respiration in a southern boreal aspen forest
Grigal_1985_bapo,10.1139/b85-345,Grigal,1985,Biomass and productivity of the woody strata of forested bogs in northern Minnesota
Grimm_1999_ntfs,http://www.daac.ornl.gov,Grimm,1999,"NPP Tropical Forest: San Eusebio, Venezuela, 1970-1971."
Grunwald_2007_adoc,10.1111/j.1600-0889.2007.00259.x,Grunwald,2007,"A decade of carbon, water and energy flux measurements of an old spruce forest at the Anchor Station Tharandt"
Grunzweig_2003_csia,10.1046/j.1365-2486.2003.00612.x,Grunzweig,2003,Carbon sequestration in arid-land forest
Grunzweig_2015_scic,10.1007/s10021-014-9817-x,Grunzweig,2015,Succesional Changes in Carbon Stocks After Logging and Deforestation for Agriculture in Interior Alaska: Implications for Boreal Climate Feedbacks
Guan_2006_cfoa,10.1016/j.agrformet.2006.02.003,Guan,2006,"CO2 fluxes over an old, temperate mixed forest in northeastern China"
Guimaraes_1993_ldce,"http://philip.inpa.gov.br/publ_livres/Teses e dissertacoes orientadas/Libera%C3%A7%C3%A3o de Carbono e mudan%C3%A7as... (TESE de Mestrado da Walba M Guimar%C3%A3es, 1993).pdf",Guimaraes,1993,"Liberacao de carbono e mudancas nos estoques dos nutrientes contidos na biomassa aerea e no solo resultante de queimadas de florestas secundarias em areas de pastagens abandonadas, em Altamira, Para"
Hadley_2002_ceoa,10.1093/treephys/22.15-16.1079,Hadley,2002,Carbon exchange of an old-growth eastern hemlock (Tsuga canadensis) forest in central New England.
Hamilton_2002_fcbu,10.1007/s00442-002-0884-x,Hamilton,2002,Forest carbon balance under elevated CO2
Hanson_2003_etnp,10.1007/978-1-4613-0021-2_22,Hanson,2003,Estimating the net primary and net ecosystem production of a southeastern upland Quercus forest from an 8-year biometric record
Harmand_2004_aabb,10.1016/j.foreco.2003.07.026,Harmand,2004,"Aboveground and belowground biomass, productivity and nutrient accumulation in tree improved fallows in the dry tropics of Cameroon"
Harmon_1991_cwdd,10.2307/1311697,Harmon,1991,Coarse woody debris dynamics in two old-growth ecosystems
Harmon_2004_prao,10.1007/s10021-004-0140-9,Harmon,2004,"Production, respiration, and overall carbon balance in an old-growth Pseudotsuga-tsuga forest ecosystem"
Hart_2003_bama,10.1016/S0378-1127(02)00039-7,Hart,2003,Biomass and macronutrients (above- and below-ground) in a New Zealand beech (Nothofagus) forest ecosystem: Implications for carbon storage and sustainable forest management
Havas_1973_ifif,NA,Havas,1973,"IBP forests in Finland: Report on a spruce forest ecosystem in the northern boreal zone. Modeling Forest Ecosystems, ed Kern L (Oak Ridge National Laboratory, Oak Ridge TN), Report EDFB-IBP-73-7, pp 96-113."
Havas_1999_nbfk,10.3334/ORNLDAAC/466,Havas ,1999,"NPP Boreal Forest: Kuusamo, Finland, 1967-1971."
Haynes_1995_bcai,10.1093/treephys/15.5.317,Haynes,1995,Belowground Carbon Allocation In Unfertilized And Fertilized Red Pine Plantations In Northern Wisconsin
Hegarty_1991_llpb,10.1017/S0266467400005356,Hegarty,1991,Leaf litter production by lianas and trees in a sub-tropical Australian rain forest
Helmisaari_1995_ncip,10.1007/978-94-011-0455-5_38,Helmisaari,1995,Nutrient cycling in Pinus sylvestris stands in eastern Finland
Hirano_2003_cawv,10.1034/j.1600-0889.2003.00063.x,Hirano,2003,CO2 and water vapor exchange of a larch forest in northern Japan
Hirano_2007_cdbo,10.1111/j.1365-2486.2006.01301.x,Hirano,2007,"Carbon dioxide balance of a tropical peat swamp forest in Kalimantan, Indonesia"
Hirano_2009_cotc,10.1007/s10021-008-9209-1,Hirano ,2009,Controls on the Carbon Balance of Tropical Peatlands
Hirata_2007_saiv,10.1016/j.agrformet.2007.07.005,Hirata,2007,Seasonal and interannual variations in carbon dioxide exchange of a temperate larch forest.
Hirata_2008_sdoc,10.1016/j.agrformet.2007.11.016,Hirata,2008,Spatial distribution of carbon balance in forest ecosystems across East Asia
Hogberg_2001_lfgs,10.1038/35081058,Hogberg,2001,Large-scale forest girdling shows that current photosynthesis drives soil respiration
Hollinger_1999_spae,10.1046/j.1365-2486.1999.00281.x,Hollinger,1999,Seasonal patterns and environmental control of carbon dioxide and water vapour exchange in an ecotonal boreal forest
Hollinger_2004_satv,10.1111/j.1365-2486.2004.00847.x,Hollinger,2004,Spatial and temporal variability in forest-atmosphere CO2 exchange
Hooker_2003_feca,10.1890/1051-0761(2003)013[0299:FECANA]2.0.CO;2,Hooker,2003,Forest ecosystem carbon and nitrogen accumulation during the first century after agricultural abandonment
Hoosbeek_2011_face,10.5194/bg-8-353-2011,Hoosbeek,2011,Free atmospheric CO2 enrichment increased above ground biomass but did not affect symbiotic N2-fixation and soil carbon dynamics in a mixed deciduous stand in Wales
Hoshizaki_2004_tasv,10.1111/j.1440-1703.2004.00645.x,Hoshizaki,2004,"Temporal and spatial variation of forest biomass in relation to stand dynamics in a mature, lowland tropical rainforest, Malaysia"
Hozumi_1969_peot,NA,Hozumi,1969,Production ecology of tropical rain forests in southwestern Cambodia: I. Plant Biomass
Hughes_1999_bcan,10.1890/0012-9658(1999)080[1892:BCANDO]2.0.CO;2,Hughes,1999,"Biomass, carbon, and nutrient dynamics of secondary forests in a humid tropical region of Mexico"
Hughes_2000_eiod,10.1890/1051-0761(2000)010[0515:ESIODA]2.0.CO;2,Hughes,2000,Ecosystem-scale impacts of deforestation and land use in a humid tropical region of Mexico
Hughes_2002_dota,10.1007/s10021-001-0069-1,Hughes,2002,"Dynamics of the aboveground and soil carbon and nitrogen stocks and cycling of available nitrogen along a land-use gradient in Rondonia, Brazil"
Humphreys_2005_nepo,10.1111/j.1365-2486.2005.00914.x,Humphreys,2005,Net ecosystem production of a Douglas-fir stand for 3 years following clearcut harvesting
Humphreys_2006_cdfi,10.1016/j.agrformet.2006.03.018,Humphreys,2006,Carbon dioxide fluxes in coastal Douglas-fir stands at different stages of development after clearcut harvesting
Hutley_2005_tuot,10.1071/BT04147,Hutley ,2005,The utility of the eddy covariance techniques as a tool in carbon accounting: tropical savanna as a case study
Hutyra_2007_scot,10.1029/2006JG000365,Hutyra,2007,Seasonal controls on the exchange of carbon and water in an Amazonian rain forest
Ilvesniemi_2009_lmot,NA,Ilvesniemi,2009,Long-term measurements of the carbon balance of a boreal Scots pine dominated forest ecosystem
Irvine_2002_csri,10.1046/j.1365-2486.2002.00544.x,Irvine,2002,Contrasting soil respiration in young and old-growth ponderosa pine forests
Ito_2002_asmo,10.1016/S0304-3800(01)00473-2,Ito,2002,A simulation model of the carbon cycle in land ecosystems (Sim-CYCLE): a description based on dry-matter production theory and plot-scale validation
Jain_1998_bpas,10.1016/S0961-9534(98)00011-7,Jain,1998,Biomass production and soil amelioration in a high density Terminalia arjuna plantation on sodic soils
Janisch_2002_scil,NA,Janisch,2002,Successional changes in live and dead wood carbon stores: implications for net ecosystem productivity.
Janssens_1998_eaci,10.1046/j.1365-2486.1998.00199.x,Janssens,1998,"Elevated atmospheric CO2 increases fine root production, respiration, rhizosphere respiration and soil CO2 efflux in Scots pine seedlings"
Jarosz_2008_cdae,10.1016/j.agrformet.2008.05.001,Jarosz,2008,Carbon dioxide and energy flux partitioning between the understorey and the overstorey of a maritime pine forest during a year with reduced soil water availability
Jassal_2007_coer,10.1016/j.agrformet.2007.01.011,Jassal,2007,Components of ecosystem respiration and an estimate of net primary productivity of an intermediate-aged Douglas-fir stand
Jassal_2010_ionf,10.1016/j.agrformet.2009.10.005,Jassal,2010,Impact of nitrogen fertilization on carbon and water balances in a chronosequence of three Douglas-fir stands in the Pacific Northwest
Jepsen_2006_acsi,10.1016/j.foreco.2006.01.005,Jepsen,2006,"Above-ground carbon stocks in tropical fallows, Sarawak, Malaysia"
Jiabing_2006_pcod,10.1007/s11430-006-8089-5,Jiabing,2006,Photosynthetic characteristics of dominant tree species and canopy in the broadleaved Korean pine forest of Changbai Mountains
Jimenez_2009_frdf,10.5194/bg-6-2809-2009,Jimenez,2009,Fine root dynamics for forests on contrasting soils in the Colombian Amazon
Johnson_2000_paba,10.2307/177216,Johnson,2000,Post-Disturbance Aboveground Biomass Accumulation in Global Secondary Forests
Jokela_2000_eooa,10.1139/x00-082,Jokela,2000,"Effects of ontogeny and soil nutrient supply on production, allocation, and leaf area efficiency in loblolly and slash pine stands"
Jordan_1981_trfa,NA,Jordan,1981,Tropical Rain Forests: Are Nutrients Really Critical?
Jordan_1982_tnbo,10.2307/1936784,Jordan,1982,The Nutrient Balance of an Amazonian Rain Forest
Jordan_1999_ntfs,http://www.daac.ornl.gov,Jordan,1999,"NPP Tropical Forest: San Carlos de Rio Negro, Venezuela, 1975-1984."
Juang_2006_mner,10.1029/2005JD005976,Juang,2006,Modeling nighttime ecosystem respiration from measured CO2 concentration and air temperature profiles using inverse methods
Kadeba_1991_abpa,10.1016/0378-1127(91)90106-6,Kadeba,1991,Above-ground biomass production and nutrient accumulation in an age sequence of Pinus caribaea stands
Kajimoto_1999_aabb,10.1093/treephys/19.12.815,Kajimoto,1999,"Above- and belowground biomass and net primary productivity of a Larix gmelinii stand near Tura, central Siberia"
Kajimoto_2006_saab,10.1016/j.foreco.2005.10.031,Kajimoto,2006,Size-mass allometry and biomass allocation of two larch species growing on the continuous permafrost region in Siberia
Kajimoto_2009,NRA,Kajimoto,2009,NRA
Kalyn_2006_cofr,10.1016/j.agrformet.2005.08.019,Kalyn,2006,"Contribution of fine roots to ecosystem biomass and net primary production in black spruce, aspen, and jack pine forests in Saskatchewan"
Karjalainen_1996_tcsp,10.1016/0961-9534(95)00123-9,Karjalainen,1996,The carbon sequestration potential of unmanaged forest stands in Finland under changing climatic conditions
Kato_2008_svam,10.1111/j.1365-2486.2008.01646.x,Kato,2008,Spatial variability and major controlling factors of CO2 sink strength in Asian terrestrial ecosystems: evidence from eddy covariance data
Kauffman_1988_fitv,10.2307/3566059,Kauffman,1988,Fire in the Venezuelan Amazon 1: Fuel Biomass and Fire Chemistry in the Evergreen Rainforest of Venezuela
Keeton_2010_scaa,10.1080/11263500903560512,Keeton,2010,"Structural characteristics and aboveground biomass of old-growth spruce-fir stands in the eastern Carpathian mountains, Ukraine."
Keith_1997_aoci,10.1023/A:1004286030345,Keith,1997,Allocation of carbon in a mature eucalypt forest and some effects of soil phosphorus availability
Keith_2009_mmce,10.1016/j.agrformet.2004.12.004,Keith,2009,Multiple measurements constrain estimates of net carbon exchange by a Eucalyptus forest
Keith_2009_rofb,10.1073/pnas.0901970106,Keith,2009,Re-evaluation of forest biomass carbon stocks and lessons from the world's most carbon-dense forests
Keller_2001_beit,10.1016/S0378-1127(01)00509-6,Keller,2001,"Biomass estimation in the Tapajos National Forest, Brazil: Examination of sampling and allometric uncertainties"
Keller_2004_cwdi,10.1111/j.1529-8817.2003.00770.x,Keller,2004,Coarse woody debris in undisturbed and logged forests in the eastern Brazilian Amazon
Kenzo_2010_ciaa,10.1016/j.foreco.2010.06.006,Kenzo,2010,"Changes in above- and belowground biomass in early successional tropical secondary forests after shifting cultivation in Sarawak, Malaysia"
Keyes_1981_aabn,10.1139/x81-082,Keyes,1981,Above- and below-ground net primary production in 40-year-old Douglas-fir stands on low and high productivity sites
Khomik_2006_tasv,10.1016/j.agrformet.2006.08.006,Khomik,2006,Temporal and spatial variability of soil respiration in a boreal mixedwood forest
Kimball_1997_sfpa,10.1093/treephys/17.8-9.589,Kimball,1997,Simulating forest productivity and surface-atmosphere carbon exchange in the BOREAS study region
King_2004_amso,10.1111/j.1529-8817.2003.00789.x,King,2004,A multiyear synthesis of soil respiration responses to elevated atmospheric CO2 from four forest FACE experiments
King_2005_tocn,10.1111/j.1469-8137.2005.01557.x,King,2005,"Tropospheric O3 compromises net primary production in young stands of trembling aspen, paper birch and sugar maple in response to elevated atmospheric CO2"
King_2007_bpir,10.1139/x06-217,King,2007,Biomass partitioning in red pine ( Pinus resinosa ) along a chronosequence in the Upper Peninsula of Michigan
Kira_1978_cano,NA,Kira,1978,"Community architecture and organic matter dynamics in tropical lowland rain forests of Southeast Asia with special reference to Pasoh Forest, West Malaysia "
Kira_1998_ntfk,http://www.daac.ornl.gov,Kira,1998,"NPP Tropical Forest: Khao Chong, Thailand, 1962-1965."
Klinge_1975_basi,10.1007/978-3-642-88533-4_9,Klinge,1975,Biomass and structure in a Central Amazonian rain forest
Klinge_1983_pson,10.1007/BF00043025,Klinge,1983,Phytomass structure of natural plant communities on spodosols in southern Venezuela: The tall Amazon Caatinga forest
Kljun_2006_rone,10.1007/s10021-005-0082-x,Kljun,2006,Response of net ecosystem productivity of three boreal forest stands to drought
Knohl_2003_lcub,10.1016/S0168-1923(03)00115-1,Knohl,2003,Large carbon uptake by an unmanaged 250-year-old deciduous forest in Central Germany
Kolari_2004_cbod,10.1111/j.1529-8817.2003.00797.x,Kolari,2004,Carbon balance of different aged Scots pine forests in Southern Finland
Kominami_2008_baee,10.1016/j.agrformet.2008.01.017,Kominami,2008,Biometric and eddy-covariance-based estimates of carbon balance for a warm-temperate mixed forest in Japan
Kosugi_2005_tyoc,10.1016/j.agrformet.2005.08.010,Kosugi,2005,Three years of carbon and energy fluxes from Japanese evergreen broad-leaved forest.
Kosugi_2008_ceoa,10.1016/j.agrformet.2007.10.007,Kosugi,2008,CO2 exchange of a tropical rainforest as Pasoh in Peninsular Malaysia
Kowalski_2003_tacb,10.1046/j.1365-2486.2003.00627.x,Kowalski,2003,The annual carbon budget of a French pine forest (Pinus pinaster) following harvest
Kowalski_2004_pcoc,10.1111/j.1365-2486.2004.00846.x,Kowalski,2004,Paired comparisons of carbon exchange between undisturbed and regenerating stands in four managed forests in Europe
Kraenzel_2003_csoh,10.1016/S0378-1127(02)00002-6,Kraenzel,2003,"Carbon storage of harvest-age teak (Tectona grandis) plantations, Panama"
Krankina_1999_nbfs,10.3334/ORNLDAAC/467,Krankina ,1999,"NPP Boreal Forest: Siberian Scots Pine Forests, Russia, 1968-1974."
Krishnan_2006_iocs,10.1016/j.agrformet.2006.07.002,Krishnan,2006,Impact of changing soil moisture distribution on net ecosystem productivity of a boreal aspen forest during and following drought
Krishnan_2008_fcti,10.1029/2007JD008965,Krishnan,2008,Factors controlling the interannual variability in the carbon balance of a southern boreal black spruce forest
Krishnan_2009_ivot,10.1029/2008JG000912,Krishnan,2009,Interannual variability of the carbon balance of three different-aged Douglas-fir stands in the Pacific Northwest
Kunstadter_1978_fitf,NA,Kunstadter,1978,Farmers in the forest: Economic development and marginal agriculture in Northern Thailand.
Kutsch_2001_fmor,10.1046/j.1469-8137.2001.00071.x,Kutsch,2001,Field measurements of root respiration and total soil respiration in an alder forest
Kutsch_2001_tcco,NA,Kutsch,2001,The Carbon Cycle of Contrasting Landscape Elements of the Bornhoved District
Kutsch_2005_shoe,10.1111/j.1365-2486.2004.00884.x,Kutsch,2005,Spatial heterogeneity of ecosystem carbon fluxes in a broadleaved forest in Northern Germany
Kwon_2010_iota,10.5194/bg-7-1493-2010,Kwon,2010,Influence of the Asian monsoon on net ecosystem carbon exchange in two major ecosystems in Korea
Laclau_2000_doba,10.1016/S0378-1127(99)00146-2,Laclau,2000,Dynamics of biomass and nutrient accumulation in a clonal plantation of Eucalyptus in Congo
Lagergren_2005_nppa,10.1111/j.1365-3040.2004.01280.x,Lagergren,2005,Net primary production and light use efficiency in a mixed coniferous forest in Sweden
Lai_2002_mnte,10.1046/j.1354-1013.2001.00447.x,Lai,2002,Modelling night time ecosystem respiration by a constrained source optimization method
Laurence_2009_lvia,10.1111/j.1654-1103.2009.01044.x,Laurence ,2009,Long-term variation in Amazon forest dynamics
Lavigne_2003_srrt,10.1139/x03-090,Lavigne,2003,Soil respiration responses to temperature are controlled more by roots than by decomposition in balsam fir ecosystems
Law_1999_saar,10.1046/j.1365-2486.1999.00214.x,Law,1999,Seasonal and annual respiration of a ponderosa pine ecosystem
Law_2000_moga,10.1046/j.1365-2486.2000.00291.x,Law,2000,"Measurements of gross and net ecosystem productivity and water vapour exchange of a Pinus ponderosa ecosystem, and an evaluation of two generalized models"
Law_2001_csaf,10.1046/j.1354-1013.2001.00439.x,Law,2001,Carbon storage and fluxes in ponderosa pine forests at different developmental stages
Law_2001_satv,10.1016/S0168-1923(01)00279-9,Law,2001,Spatial and temporal variation in respiration in a young ponderosa pine forest during a summer drought
Law_2002_ecoc,10.1016/S0168-1923(02)00104-1,Law,2002,Environmental controls over carbon dioxide and water vapor exchange of terrestrial vegetation
Law_2004_dace,10.1111/j.1365-2486.2004.00822.x,Law,2004,Disturbance and climate effects on carbon stocks and fluxes across Western Oregon USA
Lawrence_2005_baay,10.1890/03-0564,Lawrence,2005,Biomass accumulation after 10-200 years of shifting cultivation in Bornean rain forest
Le Goaster_1991_cenm,NA,Le Goaster,1991,Croissance et nutrition minerale dun peuplement depicea sur sol pauvre
Lee_1999_loot,10.1029/1999JD900227,Lee,1999,"Long-term observation of the atmospheric exchange of CO2 with a temperate deciduous forest in southern Ontario, Canada"
Lee_2002_eore,10.1046/j.1440-1703.2002.00498.x,Lee,2002,Effects of rainfall events on soil CO2 flux in a cool temperate deciduous broad-leaved forest
Lee_2003_scit,10.1023/A:1026192607512,Lee,2003,Seasonal changes in the contribution of root respiration to total soil respiration in a cool-temperate deciduous forest
Lee_2005_tdco,10.1111/j.1744-7976.2005.00023.x,Lee,2005,The Dynamic Competitiveness of U.S. Agricultural and Forest Carbon Sequestration
Leighty_2006_eomo,10.1007/s10021-005-0028-3,Leighty,2006,Effects of management on carbon sequestration in forest biomass in Southeast Alaska
Letcher_2009_rrob,10.1111/j.1744-7429.2009.00517.x,Letcher,2009,"Rapid Recovery of Biomass, Species Richness, and Species Composition in a Forest Chronosequence in Northeastern Costa Rica"
Leuning_2005_cawf,10.1016/j.agrformet.2004.12.004,Leuning ,2005,Carbon and water fluxes over a temperate Eucalyptus forest and a tropical wet/dry savanna in Australia: measurements and comparison with MODIS remote sensing estimates
Lewis_2009_icsi,10.1038/nature07771,Lewis,2009,Increasing carbon storage in intact African tropical forests
Li_1999_ssit,10.1023/A:1009806512601,Li,1999,Secondary succession in two subtropical forests
Li_2004_eora,10.1016/j.soilbio.2004.06.003,Li,2004,Effects of root and litter exclusion on soil CO2 efflux and microbial biomass in wet tropical forests
Li_2005_ymon,10.1029/2004JD005453,Li,2005,Year-round measurements of net ecosystem CO2 flux over a montane larch forest in Mongolia
Li_2007_tcso,NA,Li,2007,The carbon storage of the subtropical forest vegetation in central Jiangxi Province
Li_2010_cdfo,NA,Li,2010,"Carbon dioxide fluxes on green space in Haidian Park, Beijing"
Lin_1996_soeo,NA,Lin,1996,Study on energy of Castanopsis eyrei community in Wuyi Mountains
Lin_2012_tvia,10.1371/journal.pone.0048244,Lin,2012,Topographic Variation in Aboveground Biomass in a Subtropical Evergreen Broad-Leaved Forest in China
Linder_1998_nbff,10.3334/ORNLDAAC/201,Linder ,1998,"NPP Boreal Forest: Flakaliden, Sweden, 1986-1996."
Linder_1998_nbfj,10.3334/ORNLDAAC/202,Linder,1998,"NPP Boreal Forest: Jadraas , Sweden, 1973-1983"
Lindroth_2008_mone,10.1007/s10533-007-9137-8,Lindroth,2008,"Measurement of net ecosystem exchange, productivity and respiration in three spruce forests in Sweden shows unexpectedly large soil carbon losses"
Lips_1996_flit,10.1007/bf00333225 ,Lips,1996,Fine litter input to terrestrial humus forms in Colombian Amazonia
Litton_2004_eotd,10.1890/02-5291,Litton,2004,Effects of tree density and stand age on carbon allocation patterns in postfire lodgepole pine
Litton_2007_caif,10.1111/j.1365-2486.2007.01420.x,Litton,2007,Carbon allocation in forest ecosystems
Liu_1998_banp,http://www.cjae.net/EN/Y1998/V9/I6/569,Liu,1998,Biomass and net productivity of Quercus variabilis forest in Baotianman Natural Reserve
Liu_2001_soba,NA,Liu,2001,Studies on biomass and net production of Quercus acutidentata forest in Baotianman Nature Reserve
Liu_2002_bana,NA,Liu,2002,"Biomass and nutrient accumulation in montane evergreen broad-leaved forest (Lithocarpus xylocarpus type) in Ailao Moutains, SW China"
Liu_2014_htpa,10.1111/geb.12113,Liu,2014,"How temperature, precipitation and stand age control the biomass carbon density of global mature forests"
Lloyd_2002_saav,10.1034/j.1600-0889.2002.01487.x,Lloyd,2002,Seasonal and annual variations in the photosynthetic productivity and carbon balance of a central Siberian pine forest
Lodhiyal_2003_banp,10.1016/S0378-1127(02)00267-0,Lodhiyal,2003,"Biomass and net primary productivity of Bhabar Shisham forests in central Himalaya, India"
Loescher_2003_econ,10.1046/j.1365-2486.2003.00599.x,Loescher,2003,Environmental controls on net ecosystem-level carbon exchange and productivity in a Central American tropical forest
Lohila_2007_cdea,NA,Lohila,2007,Carbon dioxide exchange above a 30-year-old Scots pine plantation established on organic-soil cropland
Lucas_1998_adcf,NA,Lucas,1998,"Avaliacao da composicao floristica, biomassa e estrutura de floresta tropical em regeneracao: a contribuicao do sensoriamento remoto"
Lucas_2002_froa,10.1080/01431160110069791,Lucas,2002,Forest regeneration on abandoned clearances in central Amazonia
Lugo_1990_acao,10.1016/0378-1127(90)90158-8,Lugo,1990,A comparative analysis of biomass production in five tropical tree species
Lugo_1992_cott,10.2307/2937169,Lugo,1992,Comparison of Tropical Tree Plantations with Secondary Forests of Similar Age
Luizao_2004_voca,10.1111/j.1529-8817.2003.00757.x,Luizao,2004,Variation of carbon and nitrogen cycling processes along a topographic gradient in a central Amazonian forest
Lukac_2003_ptam,10.1046/j.1365-2486.2003.00582.x,Lukac,2003,"Production, turnover and mycorrhizal colonization of root systems of three Populus species grown under elevated CO2 (POPFACE)"
Lund_2010_vieo,10.1111/j.1365-2486.2009.02104.x,Lund,2010,Variability in exchange of CO2 across 12 northern peatland and tundra sites
Luo_1996_ponp,NA,Luo,1996,Patterns of net primary productivity for Chinese major forest types and their mathematical models.
Luo_2007_msce,10.1111/j.1365-2486.2006.01299.x,Luo,2007,Mature semiarid chaparral ecosystems can be a significant sink for atmospheric carbon dioxide
Luyssaert_2007_cbob,10.1111/j.1365-2486.2007.01439.x,Luyssaert,2007,"CO2 balance of boreal, temperate, and tropical forests derived from a global database"
Ma_2007_ivic,10.1016/j.agrformet.2007.07.008,Ma,2007,Inter-annual variability in carbon dioxide exchange of an oak/grass savanna and open grassland in California
Ma_2008_oamo,10.1007/s11430-008-0075-7,Ma,2008,Observation and modeling of NPP for Pinus elliottii plantation in subtropical China
Ma_2012_rdri,10.1073/pnas.1111576109,Ma ,2012,Regional drought-induced reduction in the biomass carbon sink of Canada's boreal forests.
Maass_2001_ntfc,http://www.daac.ornl.gov,Maass,2001,"NPP Tropical Forest: Chamela, Mexico, 1982-1995."
Mackowski_1987_what,NA,Mackowski,1987,"Wildlife hollows and timber management in Blackbutt forest. Masters Thesis (University of New England, Armidale, Australia)."
MacLean_1976_bojp,10.1139/x76-059,MacLean,1976,Biomass of jack pine and mixed hardwood stands in northeastern New Brunswick
Maier_2000_scea,10.1139/x99-218,Maier,2000,Soil CO2 evolution and root respiration in 11 year-old loblolly pine (Pinus taeda) plantations as affected by moisture and nutrient availability
Maier_2004_rcua,10.1111/j.1365-2486.2004.00809.x,Maier,2004,Respiratory carbon use and carbon storage in mid-rotation loblolly pine (Pinus taeda L.) plantations: the effect of site resources on the stand carbon balance
Malhi_1998_cdto,10.1029/98JD02647,Malhi,1998,Carbon dioxide transfer over a Central Amazonian rain forest
Malhi_1999_tcbo,10.1046/j.1365-3040.1999.00453.x,Malhi,1999,"The carbon balance of tropical, temperate and boreal forests"
Malhi_2004_tacw,10.1111/j.1529-8817.2003.00778.x,Malhi,2004,The above-ground coarse wood productivity of 104 Neotropical forest plots
Malhi_2011_taoe,10.1098/rstb.2011.0062,Malhi,2011,The allocation of ecosystem net primary productivity in tropical forests
Malhi_2014_tpma,10.1080/17550874.2013.820805,Malhi,2014,"The productivity, metabolism and carbon cycle of two lowland tropical forest plots in south-western Amazonia, Peru"
Malhi_2015_tlbp,10.1111/gcb.12859 ,Malhi,2015,"The linkages between photosynthesis, productivity, growth and biomass in lowland Amazonian forests"
Marin-Spiotta_2007_lpit,10.1890/06-1268,Marin-Spiotta,2007,Long-term patterns in tropical reforestation: Plant community composition and aboveground biomass accumulation
Markkanen_2001_ecfo,NA,Markkanen,2001,Eddy covariance fluxes over a boreal Scots pine forest
Marks_1972_rffc,10.1126/science.176.4037.914,Marks,1972,Revegetation following Forest Cutting: Mechanisms for Return to Steady-State Nutrient Cycling.
Martin_2005_asri,10.1007/s10533-004-5166-8,Martin,2005,"Annual soil respiration in broadleaf forests of northern Wisconsin: influence of moisture and site biological, chemical, and physical characteristics"
Martinez-Yrizar_1992_agpo,10.1017/S0266467400006131,Martinez-Yrizar,1992,"Above-ground phytomass of a tropical deciduous forest on the coast of Jalisco, Mexico "
Martinez-Yrizar_1996_nppo,10.1017/S026646740000938X,Martinez-Yrizar,1996,Net primary productivity of a tropical deciduous forest ecosystem in western Mexico
Martius_1997_dowi,10.1007/978-3-662-03416-3_12,Martius,1997,"Decomposition of wood, in: The Central Amazon Floodplain _ Ecology of a Pulsing System"
Martius_1998_wlsi,NA,Martius,1998,Wood litter stocks in tropical moist forest in central Amazonia
Martius_2004_lfls,10.1023/b:fres.0000017468.76807.50 ,Martius,2004,"Litter fall, litter stocks and decomposition rates in rainforest and agroforestry sites in central Amazonia"
Mascaro_2012_soac,10.1016/j.foreco.2012.03.032,Mascaro,2012,Scale-dependence of aboveground carbon accumulation in secondary forests of Panama: A test of the intermediate peak hypothesis
Maseyk_2008_ract,10.1111/j.1365-2486.2008.01604.x,Maseyk,2008,Respiration acclimation contributes to high carbon-use efficiency in a seasonally dry pine forest
Matamala_2000_eoea,10.1046/j.1365-2486.2000.00374.x,Matamala,2000,Effects of elevated atmospheric CO2 on fine root production and activity in an intact temperate forest ecosystem
Mateus_2006_seoe,NA,Mateus,2006,Seasonal evolution of Evapotranspiration (regime) and carbon assimilation over a Eucalyptus Globulus plantation.
McCarthy_2010_ropc,10.1111/j.1469-8137.2009.03078.x,McCarthy,2010,Re-assessment of plant carbon dynamics at the Duke free-air CO2 enrichment site: interactions of atmospheric [CO2] with nitrogen and water availability over stand development.
McCaughey_2006_cdae,10.1016/j.agrformet.2006.08.010,McCaughey,2006,"Carbon dioxide and energy fluxes from a boreal mixedwood forest ecosystem in Ontario, Canada. "
McDowell_2001_bcao,10.1139/x01-067,McDowell,2001,Belowground carbon allocation of Rocky Mountain Douglas-fir. 
McGarvey_2015_csio,10.1890/14-1154.1,McGarvey,2015,Carbon storage in old-growth forests of the MidAtlantic: toward better understanding the eastern forest carbon sink
Meakem_2017_rots,10.1111/nph.14633,Meakem,2017,Role of tree size in moist tropical forest carbon cycling and water deficit responses
Means_1992_banc,10.1139/x92-204,Means,1992,"Biomass and nutrient content of Douglas-fir logs and other detrital pools in an old-growth forest, Oregon, USA"
Medlyn_2005_cboc,10.1016/j.agrformet.2005.05.004,Medlyn,2005,Carbon balance of coniferous forests growing in contrasting climates: Model-based analysis.
Melillo_2002_swac,10.1126/science.1074153,Melillo,2002,Soil warming and carbon-cycle feedbacks to the climate system.
Melillo_2011_swci,10.1073/pnas.1018189108,Melillo,2011,"Soil warming, carbon-nitrogen interactions, and forest carbon budgets"
Mialet-Serra_2005_asiv,10.1017/S0014479704002467,Mialet-Serra,2005,Assimilate storage in vegetative organs of coconut (Cocos nucifera). 
Miller_2004_bamm,10.1890/02-6005,Miller ,2004,Biometric and micrometeorological measurements of tropical forest carbon balance
Milyukova_2002_cboa,10.1034/j.1600-0889.2002.01387.x,Milyukova,2002,Carbon balance of a southern taiga spruce stand in European Russia.
Misson_2005_iorf,10.1016/j.agrformet.2005.04.001,Misson,2005,"Influences of recovery from clear-cut, climate variability, and thinning on the carbon balance of a young ponderosa pine plantation."
Mkhabela_2009_cocd,10.1016/j.agrformet.2008.10.025,Mkhabela,2009,Comparison of carbon dynamics and water use efficiency following fire and harvesting in Canadian boreal forests
Mo_2002_saav,10.1016/j.agrformet.2005.08.015,Mo,2002,Seasonal and annual variations in soil respiration in a cool-temperate deciduous broad-leaved forest in Japan.
Mollicone_2003_amaf,10.1007/978-3-662-05171-9_9,Mollicone,2003,A Model-Based Approach for Estimation of Carbon Sinks in European Forests.
Moncrieff_1999_amfs,10.1016/S0168-1923(99)00035-0,Moncrieff,1999,A model for soil CO2 production and transport 2: Application to a Florida Pinus elliotte plantation. 
Monson_2002_csia,10.1046/j.1365-2486.2002.00480.x,Monson,2002,"Carbon sequestration in a high-elevation, subalpine forest"
Montagnini_2000_aiab,10.1016/S0378-1127(99)00262-5,Montagnini,2000,Accumulation in above-ground biomass and soil storage of mineral nutrients in pure and mixed plantations in a humid tropical lowland
Morgenstern_2004_sauo,10.1016/j.agrformet.2003.12.003,Morgenstern,2004,Sensitivity and uncertainty of the carbon balance of a Pacific Northwest Douglas-fir forest during an El Nino/La Nina cycle
Morrison_1973_doei,10.1139/x73-025,Morrison,1973,Distribution of Elements in Aerial Components of Several Natural Jack Pine Stands in Northern Ontario
Moser_2011_eeot,10.1111/j.1365-2486.2010.02367.x,Moser,2011,Elevation effects on the carbon budget of tropical mountain forests (S Ecuador): the role of the belowground compartment
Mou_1993_eosd,10.2307/2404245,Mou,1993,Effects of Soil Disturbance on Vegetation Recovery and Nutrient Accumulation Following Whole-Tree Harvest of a Northern Hardwood Ecosystem
Muller_1982_vpit,10.2307/1940129,Muller,1982,Vegetation patterns in the mixed mesophytic forest of eastern Kentucky
Mund_2002_gacs,10.1016/S0378-1127(01)00788-5,Mund,2002,Growth and carbon stocks of a spruce forest chronosequence in central Europe.
Murty_1996_dfpi,10.1093/treephys/16.1-2.187,Murty,1996,Declining forest productivity in aging forest stands: A modeling analysis of alternative hypotheses. 
Nagy_2006_fnec,10.1016/j.agrformet.2006.08.012,Nagy,2006,Footprint-adjusted net ecosystem CO2 exchange and corresponding carbon balance components of a mixed temperate forest.
Nakai_2003_ycde,10.1034/j.1600-0889.2003.01413.x,Nakai,2003,"Year-long carbon dioxide exchange above a broadleaf deciduous forest in Sapporo, Northern Japan"
Nakai_2008_eccf,10.1007/s00704-007-0337-x,Nakai,2008,Eddy covariance CO2 flux above a Gmelin larch forest on continuous permafrost in Central Siberia during a growing season
Nakane_1980_csoc,NA,Nakane ,1980,Comparative studies of cycling of soil organic carbon in three primeval moist forests. 
Nakane_1983_eorr,NA,Nakane ,1983,Estimation of root respiration rate in a mature forest ecosystem. 
Nakane_1984_cosc,10.1007/BF02488146,Nakane ,1984,Cycling of soil carbon in a Japanese red pine forest. I. Before a clear-felling.
Nakane_1986_cosc,10.1007/BF02361204,Nakane,1986,Cycling of soil carbon in a Japanese red pine forest II. Changes occurring in the first year after a clear-felling.
Nakane_1995_scci,10.1016/0378-1127(94)03465-9,Nakane ,1995,Soil Carbon Cycling In A Japanese Cedar (Cryptomeria-Japonica) Plantation
Nascimento_2002_tabi,10.1016/S0378-1127(01)00749-6,Nascimento,2002,Total aboveground biomass in central Amazonian rainforests: a landscape-scale study
Naughton-Treves_2002_fraf,10.1300/J091v14n04_03,Naughton-Treves,2002,Fuelwood resources and forest regeneration on fallow land in Uganda
Navarro_2007_fcdd,NA,Navarro,2007,Fruit carbon demand drives NPP in a tropical humid coconut agroforest with high GPP. (UNPUBLISHED)
Navarro_2008_fdng,10.1093/treephys/28.11.1661,Navarro,2008,"Fruit development, not GPP, drives seasonal variation in NPP in a tropical palm plantation"
Nelson_1999_arfi,10.1016/S0378-1127(98)00475-7,Nelson,1999,Allometric regressions for improved estimate of secondary forest biomass in the central Amazon
Noormets_2008_ddcd,10.1111/j.1469-8137.2008.02501.x,Noormets,2008,Drought during canopy development has lasting effect on annual carbon balance in a deciduous temperate forest
Noormets_2010_rocf,10.1111/j.1365-2486.2009.01928.x,Noormets,2010,Response of carbon fluxes to drought in a coastal plain loblolly pine forest
Norby_2002_nppo,10.1890/1051-0761(2002)012[1261:NPPOAC]2.0.CO;2,Norby,2002,Net primary productivity of a CO2-enriched deciduous forest and the implications for carbon storage
Norby_2005_frte,10.1073/pnas.0509478102,Norby,2005,Forest response to elevated CO2 is conserved across a broad range of productivity.
Norby_2010_ceof,10.1073/pnas.1006463107,Norby,2010,CO2 enhancement of forest productivity constrained by limited nitrogen availability.
Nye_1998_ntfk,http://www.daac.ornl.gov,Nye,1998,"NPP Tropical Forest: Kade, Ghana, 1957-1972."
Nygard_2004_wyis,10.1016/j.foreco.2003.07.030,Nygard,2004,Wood-fuel yields in short-rotation coppice growth in the north Sudan savanna in Burkina Faso
Nykvist_1996_rosv,10.1017/S0266467400009470,Nykvist,1996,Regrowth of Secondary Vegetation After the 'Borneo Fire' of 1982-1983
O'Connell_2003_nepo,10.1007/s10021-002-0202-9,O'Connell,2003,Net ecosystem production of two contrasting boreal black spruce forest communities. 
Oechel_1986_trob,10.1007/978-1-4612-4902-3_9,Oechel,1986,"The role of bryophytes in nutrient cycling in taiga. Forest Ecosystems in the Alaskan Taiga, eds Van Cleve K, Chapin FS III, Flanagan PW, Viereck LA, Dyrness CT (Springer, New York), pp 121-137."
Ogawa_1965_ceso,NA,Ogawa,1965,Comparative ecological studies on three main types of forest vegetation in Thailand. II Plant biomass. 
Ohashi_2000_corr,10.1046/j.1440-1703.2000.00351.x,Ohashi,2000,Contribution of root respiration to total soil respiration in a Japanese cedar (Cryptomeria japonica D. Don) artificial forest. 
Ohkubo_2007_cote,10.1016/j.agrformet.2006.11.004,Ohkubo,2007,Comparison of the eddy covariance and automated closed chamber methods for evaluating nocturnal CO2 exchange in a Japanese cypress forest
Ohmann_1979_eran,NA,Ohmann,1979,Early revegetation and nutrient dynamics following the 1971 Little Sioux forest fire in northeastern Minnesota.
Ohtsuka_2005_bbeo,10.1016/j.agrformet.2005.11.005,Ohtsuka,2005,Biometric based estimates of net primary production (NPP) in a cool-temperate deciduous forest stand beneath a flux tower. 
Ohtsuka_2009_olmb,10.1111/j.1365-2486.2008.01800.x,Ohtsuka,2009,On linking multiyear biometric measurements of tree growth with eddy covariance-based net ecosystem production
Ollinger_2005_nppa,10.1007/s10021-005-0079-5,Ollinger,2005,"Net primary production and canopy nitrogen in a temperate forest landscape: An analysis using imaging spectroscopy, modeling and field data. "
Olson_2001_nm,http://www.daac.ornl.gov,Olson,2001,NPP Multi-Biome
Olson_2001_nmgp,10.3334/ORNLDAAC/617,Olson,2001,NPP Multi-Biome: Global Primary Production Data Initiative Products.
Onyekwelu_2004_abpa,10.1016/S0961-9534(03)00100-4,Onyekwelu,2004,Above-ground biomass production and biomass equations for even-aged Gmelina arborea (ROXB) plantations in south-western Nigeria
Onyekwelu_2007_gbya,10.1016/j.biortech.2006.09.023,Onyekwelu,2007,"Growth, biomass yield and biomass functions for plantation-grown Nauclea diderrichii (de wild) in the humid tropical rainforest zone of south-western Nigeria."
Oren_2006_etui,10.1111/j.1365-2486.2006.01131.x,Oren,2006,Estimating the uncertainty in annual net ecosystem carbon exchange: spatial variation in turbulent fluxes and sampling errors in eddy-covariance measurements. 
Orihuela-Belmonte_2013_csaa,10.1016/j.agee.2013.03.012,Orihuela-Belmonte,2013,"Carbon stocks and accumulation rates in tropical secondary forests at the scale of community, landscape and forest type"
Ostertag_2001_eona,10.1890/0012-9658(2001)082[0485:EONAPA]2.0.CO;2,Ostertag,2001,Effects of nitrogen and phosphorus availability on fine-root fynamics in Hawaiian montane forests
Overman_1994_eorm,10.1017/S0266467400007859,Overman,1994,Evaluation of regression models for above-ground biomass determination in Amazon rainforest
Ovington_1959_tgac,10.1007/BF01666212,Ovington,1959,The Growth and Composition of Natural Stands of Birch
Ovington_1970_bacc,NA,Ovington,1970,Biomass and chemical content of El Verde lower montane rain forest plants
Palace_2007_niua,10.1016/j.foreco.2006.10.026,Palace,2007,Necromass in undisturbed and logged forests in the Brazilian Amazon
Pare_1995_abaa,10.2307/2261181,Pare,1995,Aboveground biomass accumulation along a 230-year chronosequence in the southern portion of the Canadian boreal forest
Parrotta_1999_pnca,10.1016/S0378-1127(99)00049-3,Parrotta,1999,"Productivity, nutrient cycling, and succession in single- and mixed-species plantations of Casuarina equisetifolia, Eucalyptus robusta, and Leucaena leucocephala in Puerto Rico"
Paw U_2004_cdeb,10.1007/s10021-004-0141-8,Paw U,2004,Carbon Dioxide Exchange Between an Old-growth Forest and the Atmosphere
Peichl_2006_aabe,10.1016/j.agrformet.2006.08.004,Peichl,2006,Above- and belowground ecosystem biomass and carbon pools in an age-sequence of temperate pine plantation forests
Peichl_2010_baeb,10.1016/j.agrformet.2010.03.002,Peichl,2010,Biometric and eddy-covariance based estimates of carbon fluxes in an age-sequence of temperate pine forests
Peng_1994_bpae,NA,Peng,1994,"Biomass, productivity and efficiency of radiation utilization of a typical vegetation in Dinghushan"
Pereira_2003_fcbi,NA,Pereira,2003,Full Carbon Balance in an Eucalypt Plantation in Portugal. 
Pereira_2007_nece,10.5194/bg-4-791-2007,Pereira,2007,Net ecosystem carbon exchange in three contrasting Mediterranean ecosystems - the effect of drought
Pilegaard_2001_tyoc,10.1016/S0168-1923(00)00227-6,Pilegaard,2001,Two years of continuous CO2 eddy-flux measurements over a Danish beech forest. 
Pinard_1996_rfbb,10.2307/2389193,Pinard,1996,Retaining forest biomass by reducing logging damage
Poorter_2015_decs,10.1111/geb.12364,Poorter,2015,Diversity enhances carbon storage in tropical forests
Post_1970_dpom,10.2307/1935397,Post,1970,Dry-Matter Production of Mountain Maple and Balsam Fir in Northwestern New Brunswick
Powell_2006_econ,10.1016/j.agrformet.2006.09.002,Powell,2006,Environmental controls over net ecosystem carbon exchange of scrub oak in central Florida. 
Powers_2012_csaa,10.1890/11-0411.1,Powers,2012,Carbon stocks across a chronosequence of thinned and unmanaged red pine ( Pinus resinosa ) stands
Proctor_2013_ntfg,10.3334/ORNLDAAC/474,Proctor,2013,"NPP Tropical Forest: Gunung Mulu, Malaysia, 1977-1978, R1."
Ramachandran_2007_cseo,10.5252/a2009n2a10,Ramachandran,2007,"Carbon sequestration: estimation of carbon stock in natural forests using geospatial technology in the Eastern Ghats of Tamil Nadu, India"
Read_2003_robf,10.1890/1051-0761(2003)013[0085:ROBFSC]2.0.CO;2,Read,2003,Recovery of biomass following shifting cultivation in dry tropical forests of the Yucatan
Reiners_1992_tyoe,10.2307/2937314,Reiners,1992,Twenty Years of Ecosystem Reorganization Following Experimental Deforestation and Regrowth Suppression
Ricciuto_2008_coiv,10.1016/j.agrformet.2007.08.007,Ricciuto,2008,Causes of interannual variability in ecosystem-atmosphere CO2 exchange in a northern Wisconsin forest using a Bayesian model calibration
Rice_2004_cbav,10.1890/02-6006,Rice,2004,Carbon balance and vegetation dynamics in an old-growth Amazonian forest
Richardson_2007_evid,10.1111/j.1365-2486.2007.01330.x,Richardson,2007,Environmental variation is directly responsible for short- but not long-term variation in forest-atmosphere carbon exchange
Rocha_2014_epac,10.1080/17550874.2013.798368,Rocha,2014,"Ecosystem productivity and carbon cycling in intact and annually burnt forest at the dry southern limit of the Amazon rainforest (Mato Grosso, Brazil)"
Rodeghiero_2006_ipos,10.1007/s11104-005-5109-8,Rodeghiero,2006,Indirect partitioning of soil respiration in a series of evergreen forest ecosystem.
Rodin_1967_pamc,NA,Rodin,1967,Production and Mineral Cycling in Terrestrial Vegetation
Rodrigues_2011_eyoc,10.1016/j.agrformet.2010.12.007,Rodrigues,2011,Eight years of continuous carbon fluxes measurements in a Portuguese eucalypt stand under two main events: Drought and felling
Romero_2007_fcac,NA,Romero,2007,"Forest Cover and Carbon Changes in Coastal Temperate Rainforest, Chile (Universidad Austral de Chile, Valdivia, Chile and The Nature Conservancy, Arlington, VA)."
Roser_2002_ncer,10.1034/j.1600-0889.2002.01351.x,Roser,2002,"Net CO2 exchange rates in three different successional stages of the ""Dark Taiga"" of central Siberia. "
Rothstein_2004_laro,10.1139/x04-063,Rothstein,2004,Loss and recovery of ecosystem carbon pools following stand-replacing wildfire in Michigan jack pine forests
Roupsard_2006_poea,10.1016/j.agrformet.2006.07.006,Roupsard,2006,Partitioning of energy and evapo-transpiration above and below a tropical palm canopy (Cocos nucifera L.).
Ruark_1988_bnpp,10.1139/x88-064,Ruark,1988,"Biomass, net primary production, and nutrient distribution for an age sequence of Populus tremuloides ecosystems"
Ruess_1996_cofr,10.1139/x26-148,Ruess,1996,Contributions of fine root production and turnover to the carbon and nitrogen cycling in taiga forests of the Alaskan interior. 
Ruess_2003_cfrd,10.1890/02-4032,Ruess,2003,Coupling fine root dynamics with ecosystem carbon cycling in black spruce forests of interior Alaska.
Runyon_1994_elon,10.2307/1941929,Runyon,1994,Environmental Limits On Net Primary Production And Light-Use Efficiency Across The Oregon Transect. 
Ruppert_2006_igsf,10.1016/j.agrformet.2006.03.003,Ruppert,2006,Innovative gap-filling strategy for annual sums of CO2 net ecosystem exchange
Russell_2010_ioit,10.1890/09-0635.1,Russell,2010,Impacts of individual tree species on carbon dynamics in a moist tropical forest environment
Ryan_1991_asmf,10.1093/treephys/9.1-2.255,Ryan,1991,A Simple Method For Estimating Gross Carbon Budgets For Vegetation In Forest Ecosystems. 
Ryan_1992_mras,10.2307/1941458,Ryan,1992,Maintenance Respiration And Stand Development In A Sub-Alpine Lodgepole Pine Forest. 
Ryan_1996_ffwa,10.1093/treephys/16.3.333,Ryan,1996,"Foliage, fine-root, woody-tissue and stand respiration in Pinus radiata in relation to nitrogen status."
Ryan_1997_acco,10.1029/97JD01236,Ryan,1997,Annual carbon cost of autotrophic respiration in boreal forest ecosystems in relation to species and climate. 
Ryan_2004_aeto,10.1890/03-4037,Ryan,2004,An experimental test of the causes of forest growth decline with stand age
Saigusa_2002_gppa,10.1016/S0168-1923(02)00082-5,Saigusa,2002,Gross primary production and net ecosystem exchange of a cool-temperate deciduous forest estimated by the eddy covariance method. 
Saigusa_2005_ivoc,10.1016/j.agrformet.2005.08.016,Saigusa,2005,Inter-annual variability of carbon budget components in an AsiaFlux forest site estimated by long-term flux measurements. 
Saiz_2006_saeo,10.1111/j.1365-2486.2006.01145.x,Saiz,2006,Stand age-related effects on soil respiration in a first rotation Sitka spruce chronosequence in central Ireland.
Saiz_2006_sasv,10.1007/s11104-006-9052-0,Saiz,2006,Seasonal and spatial variability of soil respiration in four Sitka spruce stands. 
Saldarriaga_1988_lcof,10.2307/2260625,Saldarriaga,1988,Long-Term Chronosequence of Forest Succession in the Upper Rio Negro of Colombia and Venezuela
Saleska_2003_ciaf,10.1126/science.1091165,Saleska,2003,Carbon in Amazon forests: Unexpected flux and seasonal disturbance-induced loss
Salomao_1994_edbe,http://hdl.handle.net/123456789/757,Salomao,1994,"Estimativas de Biomassa e Avaliacao do Estoque de Carbono da Vegetacao de Florestas Primarias e Secundarias de Diversas Idades (Capoeiras) na Amazonia Oriental, Municipio de Peixe-Boi, Para"
Santos_2003_eofo,10.1111/j.1365-2435.2003.00790.x,Santos ,2003,"Effects of fire on surface carbon, energy and water vapour fluxes overcampo sujo savanna in central Brazil"
Sch_ngart_2010_banp,10.1007/978-90-481-8725-6_18,Sch_ngart,2010,Biomass and Net Primary Production of Central Amazonian Floodplain Forests
Schindler_2006_cfoa,10.1007/s10342-005-0107-1,Schindler,2006,"CO2 fluxes of a Scots pine forest growing in the warm and dry southern upper Rhine plain, SW Germany"
Schlegel_2008_eoft,10.1016/j.foreco.2007.12.013,Schlegel,2008,"Effects of forest type and stand structure on coarse woody debris in old-growth rainforests in the Valdivian Andes, south-central Chile"
Schmelz_1965_ssoo,NA,Schmelz,1965,Size-class structure of old-growth forests in Indiana
Schmid_2000_moca,10.1016/S0168-1923(00)00140-4,Schmid,2000,Measurements of CO2 and energy fluxes over a mixed hardwood forest in the mid-western United States. 
Schmid_2003_eeoc,10.1029/2002JD003011,Schmid,2003,Ecosystem-atmosphere exchange of carbon dioxide over a mixed hardwood forest in northern lower Michigan
Schulze_1995_aban,10.1139/x95-103,Schulze,1995,Aboveground biomass and nitrogen nutrition in a chronosequence of pristine Dahurian Larix stands in eastern Siberia
Schulze_1999_pofi,10.1046/j.1365-2486.1999.00266.x,Schulze,1999,Productivity of forests in the Eurosiberian boreal region and their potential to act as a carbon sink -- a synthesis.
Schulze_2000_tcan,10.1007/978-3-642-57219-7_1,Schulze ,2000,The carbon and nitrogen cycle in forest ecosystems.
Schuur_2005_ntfm,http://www.daac.ornl.gov,Schuur,2005,"NPP Tropical Forest: Maui, Hawaii, U.S.A., 1996-1997."
Schwalm_2007_amfd,10.1111/j.1365-2486.2006.01298.x,Schwalm,2007,A method for deriving net primary productivity and component respiratory fluxes from tower-based eddy covariance data: a case study using a 17-year data record from a Douglas-fir chronosequence
Scott_1977_tioo,NA,Scott,1977,The Importance of Old-Field Succession Biomass Increments to Shifting Cultivation
Scott_1992_esoa,10.2307/2260861,Scott,1992,"Ecological Studies on a Lowland Evergreen Rain Forest on Maraca Island, Roraima, Brazil. II. Litter and Nutrient Cycling"
Scott_2006_eiow,10.1111/j.1365-2486.2005.01093.x,Scott,2006,Ecohydrological impacts of woody-plant encroachment: seasonal patterns of water and carbon dioxide exchange within a semiarid riparian environment
Scott_2009_eosd,10.1029/2008JG000900,Scott,2009,Effects of seasonal drought on net carbon dioxide exchange from a woody-plant-encroached semiarid grassland
Sharma_2010_tdac,10.1016/j.foreco.2010.09.014,Sharma ,2010,"Tree diversity and carbon stocks of some major forest types of Garhwal Himalaya, India"
Shaw_2005_aecd,NA,Shaw,2005,"An Ecosystem Carbon Database for Canadian Forests (Canadian Forest Service, Northern Forestry Centre), Information Report NORX-403"
Shibata_2005_ccab,10.1007/4-431-29361-2_9,Shibata,2005,"Carbon cycling and budget in a forested basin of southwestern Hokkaido, northern Japan"
Sierra_2007_satv,10.1111/j.1365-2486.2007.01336.x,Sierra,2007,Spatial and temporal variability of net ecosystem production in a tropical forest: testing the hypothesis of a significant carbon sink
Sierra_2007_tcsi,10.1016/j.foreco.2007.03.026,Sierra,2007,"Total carbon stocks in a tropical forest landscape of the Porce region, Colombia"
Sierra_2012_tcai,10.1186/1750-0680-7-12,Sierra,2012,Total carbon accumulation in a tropical forest landscape.
Silberstein_2001_eboa,10.1016/S0168-1923(01)00263-5,Silberstein ,2001,Energy balance of a natural jarrah (Eucalyptus marginata) forest in Western Australia: measurements during the spring and summer.
Silver_2004_csap,10.1890/03-5123,Silver,2004,Carbon sequestration and plant community dynamics following reforestation of tropical pasture
Silverster_1999_tbok,10.1080/0028825X.1999.9512653,Silverster,1999,"The biology of kauri (Agathis australis) in New Zealand. 1. Production, biomass, carbon storage, and litter fall in four forest remnants"
Singh_2003_tras,10.1046/j.1365-3040.2003.01053.x,Singh,2003,Tree root and soil heterotrophic respiration as revealed by girdling of boreal Scots pine forest: extending observations beyond the first year
Smith_2012_tsdi,10.1111/gcb.12039,Smith,2012,Tree species diversity interacts with elevated CO2 to induce a greater root system response
Smithwick_2002_pubo,10.1890/1051-0761(2002)012[1303:PUBOCS]2.0.CO;2,Smithwick,2002,Potential upper bounds of carbon stores in forests of the Pacific Northwest
Snedaker_1970_esot,http://ufdc.ufl.edu/UF00086527/00001/1x,Snedaker,1970,Ecological studies on Tropical Moist Forest Succession in Eastern Lowland Guatemala
Sorrensen_2000_lslu,10.1016/S0378-1127(99)00283-2,Sorrensen,2000,Linking smallholder land use and fire activity: examining biomass burning in the Brazilian Lower Amazon
Sprugel_1984_dbpa,10.2307/1942660,Sprugel,1984,"Density, Biomass, Productivity, and Nutrient-Cycling Changes During Stand Development in Wave-Regenerated Balsam Fir Forests"
Srivastava_1995_baep,10.1016/0961-9534(95)00048-8,Srivastava,1995,"Biomass and energy production in Casuarina equisetifolia plantation stands in the degraded dry tropics of the Vindhyan plateau, India"
Stape_2004_epat,10.1016/j.foreco.2004.01.020,Stape,2004,"Eucalyptus production and the supply, use and efficiency of use of  water, light and nitrogen across a geographic gradient in Brazil"
Steele_1997_rmnp,10.1093/treephys/17.8-9.577,Steele,1997,"Root mass, net primary production and turnover in aspen, jack pine and black spruce forests in Saskatchewan and Manitoba, Canada."
Steininger_2000_sfsa,10.1017/S0266467400001656,Steininger,2000,Secondary Forest Structure and Biomass Following Short and Extended Land-Use in Central and Southern Amazonia
Stocker_2013_ntfa,10.3334/ORNLDAAC/577,Stocker,2013,"NPP Tropical Forest: Atherton, Australia, 1974-1985, R1."
Stoy_2006_aeom,10.1016/j.agrformet.2006.09.001,Stoy,2006,An evaluation of models for partitioning eddy covariance-measured net ecosystem exchange into photosynthesis and respiration
Subke_2002_ffcf,NA,Subke ,2002,Forest floor CO2 fluxes in temperate forest ecosystems An investigation of spatial and temporal patterns and abiotic controls
Subke_2004_fibn,10.1007/s00442-004-1540-4,Subke,2004,Feedback interactions between needle litter decomposition and rhizosphere activity. 
Sulzmann_2005_coal,10.1007/s10533-004-7314-6,Sulzmann,2005,"Contribution of aboveground litter, belowground litter, and rhizosphere respiration to total soil CO2 efflux in an old growth coniferous forest. "
Suni_2003_ivat,10.1029/2002JD002381,Suni,2003,Interannual variability and timing of growing-season CO2 exchange in a boreal forest
Suni_2003_lmos,NA,Suni,2003,"Long-term measurements of surface fluxes above a Scots pine forest in Hyyti_l_, southern Finland, 1996_2001."
Swamy_2004_tgba,10.1016/j.biombioe.2003.08.007,Swamy,2004,"Tree growth, biomass, allometry and nutrient distribution in Gmelina arborea stands grown in red lateritic soils of Central India"
Szott_1994_bala,10.1016/0378-1127(94)90015-9,Szott,1994,Biomass and litter accumulation under managed and natural tropical fallows
Tagesson_2007_hsce,NA,Tagesson,2007,High soil carbon efflux rates in several ecosystems in southern Sweden. 
Takagi_2007_cots,NA,Takagi,2007,Contribution of the soil respiration during a series of forestry activities in northernmost Japan
Takanashi_2005_ceia,10.1007/s11284-005-0047-8,Takanashi,2005,CO2 exchange in a temperate Japanese cypress forest compared with that in a cool-temperate deciduous broad-leaved forest
Tan_2011_aosa,10.1016/j.atmosenv.2010.12.041,Tan,2011,An old-growth subtropical Asian evergreen forest as a large carbon sink.
Tang_2005_tpms,10.1111/j.1365-2486.2005.00978.x,Tang,2005,Tree photosynthesis modulates soil respiration on a diurnal time scale
Tang_2006_sfct,10.1029/2005JG000083,Tang,2006,"Sap flux-upscaled canopy transpiration, stomatal conductance, and water use efficiency in an old growth forest in the Great Lakes region of the United States"
Tanner_1980_sotb,10.2307/2259423,Tanner,1980,Studies on the biomass and productivity in a series of montane rain forest in Jamaica
Tate_1993_csat,10.1016/0038-0717(93)90016-5,Tate,1993,"Carbon Storage And Turnover, And Respiratory Activity, In The Litter And Soil Of An Old-Growth Southern Beech (Nothofagus) Forest."
Teklemariam_2009_eyoc,10.1016/j.agrformet.2009.07.011,Teklemariam,2009,"Eight years of carbon dioxide exchange above a mixed forest at Borden, Ontario"
Tepley_2017_vtfl,10.1111/gcb.13704,Tepley,2017,Vulnerability to forest loss through altered postfire recovery dynamics in a warming climate in the Klamath Mountains
Terakunpisut_2007_cspi,NA,Terakunpisut,2007,"Carbon sequestration potential in aboveground biomass of Thong Pha Phum National Forest, Thailand"
Thierron_1996_corr,10.1139/x26-127,Thierron,1996,Contribution of root respiration to total CO2 efflux from the soil of a deciduous forest. 
Thomas_2009_shei,10.1029/2009JG001010,Thomas,2009,Seasonal hydrology explains interannual and seasonal variation in carbon and water exchange in a semiarid mature ponderosa pine forest in central Oregon
Thuille_2000_csas,10.1093/treephys/20.13.849,Thuille,2000,"Carbon stocks and soil respiration rates during deforestation, grassland use and subsequent Norway spruce afforestation in the Southern Alps, Italy"
Tirone_2003_emfc,10.1007/978-3-662-05171-9_7,Tirone,2003,"Evergreen Mediterranean Forests. Carbon and Water Fluxes, Balances, Ecological and Ecophysiological Determinants"
Toky_1983_ssfs,10.2307/2259589,Toky,1983,"Secondary Succession Following Slash and Burn Agriculture in North-Eastern India: I. Biomass, Litterfall and Productivity"
Tong_2012_eceo,10.1016/j.atmosenv.2011.11.049,Tong,2012,Ecosystem carbon exchange over a warm-temperate mixed plantation in the lithoid hilly area of the North China
Tran_2010_rpoa,10.1016/j.foreco.2010.01.043,Tran,2010,Recovery process of a mountain forest after shifting cultivation in Northwestern Vietnam
Trumbore_2006_dofr,10.1111/j.1365-2486.2005.001063.x,Trumbore,2006,Dynamics of fine root carbon in Amazonian tropical ecosystems and the contribution of roots to soil respiration
Turner_1981_ncia,NA,Turner,1981,Nutrient cycling in an Age Sequence of Western Washington Douglas-fir stands
Turner_1986_eofh,10.1007/BF00377124,Turner,1986,Effects of forest harvesting nutrient removals on soil nutrient reserves
Turner_1992_ncif,10.1016/0378-1127(92)90097-S,Turner,1992,Nutrient cycling in forested catchments in southeastern New South Wales. 1. Biomass accumulation.
Ueyama_2006_cfot,10.1111/j.1600-0889.2006.00205.x,Ueyama,2006,Controlling factors on the interannual CO2 budget at a subarctic black spruce forest in interior Alaska
Uhl_1984_sand,10.2307/1939128,Uhl,1984,Succession and Nutrient Dynamics Following Forest Cutting and Burning in Amazonia
Uhl_1987_fcsf,10.2307/2260425,Uhl,1987,Factors Controlling Succession Following Slash-and-Burn Agriculture in Amazonia
Uhl_1988_apie,10.2307/2260566,Uhl,1988,Abandoned Pastures in Eastern Amazonia. I. Patterns of Plant Succession
Uhl_1990_dfsa,10.2307/1940299,Uhl,1990,"Deforestation, Fire Susceptibility, and Potential Tree Responses to Fire in the Eastern Amazon"
Urbanski_2007_fcce,10.1029/2006JG000293,Urbanski,2007,Factors controlling CO2 exchange on time scales from hourly to decadal at Harvard Forest. 
Uri_2012_bpac,10.1016/j.foreco.2011.11.033,Uri,2012,Biomass production and carbon sequestration in a fertile silver birch (Betula pendula Roth) forest chronosequence
Valentini_1996_sncd,10.1111/j.1365-2486.1996.tb00072.x,Valentini,1996,Seasonal net carbon dioxide exchange of a beech forest with the atmosphere.
Valentini_2000_ratm,10.1038/35009084,Valentini,2000,Respiration as the main determinant of carbon balance in European forests
van Breugel_2011_ecsi,10.1016/j.foreco.2011.07.018,van Breugel ,2011,Estimating carbon stock in secondary forests: decisions and uncertainties associated with allometric biomass models
Van Pelt_2004_qavc,10.1016/B978-012457553-0/50007-1,Van Pelt,2004,"Quantifying and visualizing canopy structure in tall forests: Methods and a case study. Forest Canopies, eds Lowman MD, Rinker HB (Elsevier Academic, San Diego), pp 49-72."
Vann_2002_dac,10.1023/A:1016550027991,Vann,2002,"Distribution and cycling of C, N, Ca, Mg, K and P in three pristine, old-growth forests in the Cordillera de Piuchu_, Chile"
Vargas_2008_baca,10.1111/j.1365-2486.2007.01462.x,Vargas,2008,Biomass and carbon accumulation in a fire chronosequence of a seasonally dry tropical forest
Vasconcelos_2004_lpal,10.1890/03-5093,Vasconcelos,2004,Litter production and litter nutrient concentrations in a fragmented Amazonian landscape
Veenendal_2004_svie,10.1111/j.1365-2486.2003.00699.x,Veenendal ,2004,Seasonal variation in energy fluxes and carbon dioxide exchange for a broad-leaved semi-arid savanna (Mopane woodland) in Southern Africa
Veneklaas_1991_lanf,10.1017/S0266467400005587,Veneklaas,1991,"Litterfall and nutrient fluxes in two montane tropical rain forests, Colombia"
Vermetten_1994_cuba,10.1016/0168-1923(94)90091-4,Vermetten,1994,CO2 uptake by a stand of Douglas fir: flux measurements compared with model calculations
Vieira_2005_sgro,10.1073/pnas.0505966102,Vieira,2005,Slow growth rates of Amazonian trees: Consequences for carbon cycling
Villela_1999_lmca,10.1111/j.1744-7429.1999.tb00132.x,Villela,1999,"Litterfall Mass, Chemistry, and Nutrient Retranslocation in a Monodominant Forest on Marac Island, Roraima, Brazil"
Vogel_2005_sarr,10.1139/x04-159,Vogel,2005,Soil and root respiration in mature Alaskan black spruce forests that vary in soil organic matter decomposition rates. 
Vourlitis_2004_eomv,10.1890/01-6005,Vourlitis ,2004,Effects of meteorological variations on the CO2 exchange of a Brazilian transitional tropical forest
Vucetich_2000_cpae,10.1016/S0378-1127(99)00288-1,Vucetich,2000,Carbon pools and ecosystem properties along a latitudinal gradient in northern Scots pine (Pinus sylvestris) forests
Wan_2004_ceaw,10.1111/j.1469-8137.2004.01034.x,Wan,2004,CO2 enrichment and warming of the atmosphere enhance both productivity and mortality of maple tree fine roots
Wang_1995_aban,10.1016/0378-1127(95)03590-0,Wang,1995,"Aboveground biomass and nutrient accumulation in an age sequence of aspen (Populus tremuloides) stands in the Boreal White and Black Spruce Zone, British Columbia"
Wang_2000_saav,10.1029/1999GB900074,Wang,2000,Seasonal and altitudinal variation in decomposition of soil organic matter inferred from radiocarbon measurements of soil CO2 flux. 
Wang_2001_tiof,10.1046/j.1354-1013.2001.00441.x,Wang,2001,The influence of fire on carbon distribution and net primary production of boreal Larix gmelinii forests in north-eastern China
Wang_2003_cdoa,10.1046/j.1365-2486.2003.00645.x,Wang,2003,Carbon distribution of a well- and poorly-drained black spruce fire chronosequence
Wang_2004_ccfa,10.1093/treephys/24.1.19,Wang,2004,Component carbon fluxes and their contribution to ecosystem carbon exchange in a pine forest: an assessment based on eddy covariance measurements and an integrated model. 
Wang_2004_nece,10.1016/j.atmosenv.2004.02.071,Wang,2004,"Net ecosystem CO2 exchange over a larch forest in Hokkaido, Japan"
Wang_2006_sris,10.1111/j.1365-2486.2006.01234.x,Wang,2006,Soil respiration in six temperate forests in China
Wang_2007_rahc,10.1111/j.1365-2486.2006.01291.x,Wang,2007,Rhizospheric and heterotrophic components of soil respiration in six Chinese temperate forests. 
Wang_2008_cfat,10.1007/s11676-008-0001-z,Wang,2008,Carbon fluxes and their response to environmental variables in a Dahurian larch forest ecosystem in northeast China
Wang_2010_cocf,NA,Wang,2010,Comparisons of carbon flux and its controls between broad-leaved Korean pine forest and Dahurian larch forest in northeast China
Weaver_1971_caso,10.2307/2423684,Weaver,1971,Composition and structure of an old-growth forest remnant in unglaciated southwestern Illinois
Weaver_1990_fsap,10.2307/2388721,Weaver,1990,Forest Structure and Productivity in Puerto Rico's Luquillo Mountains 
Weaver_1992_tbef,NA,Weaver,1992,"Tree biomass equations for the forests of the Luquillo Mountains, Puerto Rico."
Weaver_2001_ntfc,10.3334/ORNLDAAC/473,Weaver,2001,"NPP Tropical Forest: Cinnamon Bay, U.S. Virgin Islands, 1982-1993, R1"
Webb_1999_daso,10.1023/a:1009862618250,Webb,1999,"Diversity and structure of tropical rain forest of Tutuila, American Samoa: effects of site age and substrate"
Wen_1997_bsot,NA,Wen,1997,"Biomass study of the community of Castanopsis chinensis, Cryptocarya concinna, Schima superb in a southern China Reserve."
Wen_1999_sobo,NA,Wen,1999,Studies on biomass of the lower subtropical evergreen broad-leaved forests in a MAB Reserve of south China
Wen_2010_eceo,10.5194/bg-7-357-2010,Wen ,2010,"Ecosystem carbon exchanges of a subtropical evergreen coniferous plantation subjected to seasonal drought, 2003_2007 "
White_2004_baas,10.1016/j.foreco.2003.11.010,White,2004,Biomass accumulation and soil nitrogen availability in an 87-year-old Populus grandidentata chronosequence
Williams_1997_pgpp,10.1890/1051-0761(1997)007[0882:PGPPIT]2.0.CO;2,Williams,1997,Predicting Gross Primary Productivity in Terrestrail Ecosystems
Williams_2005_aiao,10.1111/j.1365-2486.2004.00891.x,Williams,2005,An improved analysis of forest carbon dynamics using data assimilation.
Williams-Linera_1983_banc,10.2307/2387652,Williams-Linera,1983,"Biomass and Nutrient Content in Two Successional Stages of Tropical Wet Forest in Uxpanapa, Mexico"
Wilson_2001_cieo,10.1029/2001JD000624,Wilson,2001,Comparing independent estimates of carbon dioxide exchange over 5 years at a deciduous forest in the southeastern United States. 
Wirth_1999_abas,10.1007/s004420050908,Wirth,1999,Above-ground biomass and structure of pristine Siberian Scots pine forests as controlled by competition and fire
Wirth_2002_babc, 10.1034/j.1600-0889.2002.01343.x,Wirth,2002,Beyond annual budgets: carbon flux at different temporal scales in fire-prone Siberian Scots pine forests. 
Wirth_2002_fast,10.1023/A:1020813505203,Wirth,2002,Fire and site type effects on the long-term carbon and nitrogen balance in pristine Siberian Scots pine forests
Wofsy_1993_neoc,10.1126/science.260.5112.1314 ,Wofsy,1993,Net Exchange of CO2 In a Midlatitude Forest. 
Woldendorp_2000_ecim,NA,Woldendorp,2000,"Estimating carbon in mature Eucalypt forests. BSc Hons. Thesis (Australian National University, Canberra)."
Wu_2006_ysae,10.1016/j.foreco.2005.10.055,Wu,2006,Year-round soil and ecosystem respiration in a temperate broad-leaved Korean Pine forest
Xu_2001_safo,NA,Xu,2001,Separation and fixation of carbon dioxide using polymeric membrane contractor
Xu_2003_svic,10.1016/j.agrformet.2003.10.004,Xu,2003,Seasonal variation in carbon dioxide exchange over a Mediterranean annual grassland in California. 
Xu_2012_ados,10.1111/j.1365-2745.2011.01933.x,Xu,2012,"Age-related decline of stand biomass accumulation is primarily due to mortality and not to reduction in NPP associated with individual tree physiology, tree growth or stand structure in a Quercus-dominated forest"
Yamakura_1986_abot,10.1007/BF00045057,Yamakura,1986,Aboveground biomass of tropical rain forest stands in Indonesian Borneo
Yamakura_1986_tsia,NA,Yamakura,1986,"Tree size in a mature dipterocarp forest stand in Sebulu, East Kalimantan, Indonesia"
Yamomoto_1999_saiv,10.1034/j.1600-0889.1999.00020.x,Yamomoto,1999,Seasonal and inter-annual variation of CO2 flux between a temperate forest and the atmosphere in Japan
Yan_2006_eosr,10.1111/j.1365-2486.2006.01141.x,Yan,2006,Estimates of soil respiration and net primary production of three forests at different succession stages in South China.
Yanai_2006_tvah,10.1139/x05-254,Yanai,2006,The vertical and horizontal distribution of roots in northern hardwood stands of varying age. 
Yang_2007_srac,10.1007/s11258-006-9249-6,Yang,2007,Soil respiration and carbon balance in a subtropical native forest and two managed plantations
Yang_2010_tbaa,10.1007/s11427-010-4021-5,Yang,2010,The biomass and aboveground net primary productivity of Schima superba-Castanopsis carlesii forests in east China
Yi_2000_baeo,NA,Yi,2000,Biomass and efficiency of radiation untilization in Erythrophleum fordii community
Yu_1999_doae,http://www.linyekexue.net/EN/article/downloadArticleFile.do?attachType=PDF&id=3717,Yu,1999,Dynamics of an evergreen broad-leaved forest dominated by Cyclobalanopsis glauca in southeast China
Yu_2011_aocf,10.3969/j.issn.1000-6362.2011.04.008,Yu,2011,Analysis on CO2 Flux during growth season of natural broadleaved mixed forest in Xiaoxinganling mountains
Yu_2013_spac,10.1111/gcb.12079,Yu,2013,Spatial pattern and climate drivers of carbon fluxes in terrestrial ecosystems of China
Yu_2014_hcdu,10.1073/pnas.1317065111,Yu,2014,High carbon dioxide uptake by subtropical forest ecosystems in the East Asian monsoon region
Yuste_2005_cnpp,10.1093/treephys/25.6.701,Yuste,2005,Contrasting net primary productivity and carbon distribution between neighboring stands of Quercus robur and Pinus sylvestris. 
Zarin_2001_pbai,10.1007/s10021-001-0035-y,Zarin,2001,Potential Biomass Accumulation in Amazonian Regrowth Forests
Zha_2007_tacc,10.1093/aob/mcl266,Zha,2007,Total and component carbon fluxes of a Scots pine ecosystem from chamber measurements and eddy covariance. 
Zhang_1996_baeo,NA,Zhang,1996,Biomass and efficiency of radiation utilization in monsoon evergreen broadleaved forest in Dinghushan Biosphere Reserve
Zhang_2006_svic,10.1016/j.agrformet.2006.02.004,Zhang,2006,Seasonal variation in carbon dioxide exchange over a 200-year-old Chinese broad-leaved Korean pine mixed forest. 
Zhang_2008_doab,NA,Zhang,2008,Dynamics of aboveground biomass of sub-alpine old-growth forest in the upper Minjiang River (UMR). (in Chinese)
Zhang_2010_cocf,NA,Zhang,2010,"Characteristics of CO2 flux in a Chinese Fir plantations ecosystem in Huitong County, Hunan Province"
Zhang_2010_rctu,10.1016/j.atmosenv.2010.07.027,Zhang,2010,Respiration controls the unexpected seasonal pattern of carbon flux in an Asian tropical rain forest
Zhou_2002_eban,10.1016/S0378-1127(02)00305-5,Zhou ,2002,Estimating biomass and net primary production from forest inventory data: a case study of China's Larix forests. 
Zhou_2013_roec,10.1016/j.foreco.2013.01.007,Zhou,2013,Response of ecosystem carbon fluxes to drought events in a poplar plantation in Northern China
Zhu_2005_dops,NA,Zhu ,2005,Decline of Pinus sylvestris var. mongolica Plantations on Sandy Land. (in Chinese)